Date,Ticker,Close,eligible_signal,label_available_at,target_entry_120d_next_close,target_end_120d_next_close,target_excess_simple_120d_next_close,target_simple_120d_next_close,future_price,momentum_252d,beta_120d,ma_gap_120d,momentum_120d,relative_momentum_120d,rsi_56d,downside_vol_120d,sortino_120d,Yield_Curve_Spread,Yield_Curve_Change_20d,VIX_Level,VIX_Change_20d,DXY_Ret_60d,Oil_Ret_60d,HYG_Ret_60d,risk_rank,stability_group,stable,Sector,pred,strategy,weight
2024-07-01,COST,835.28271484375,True,2024-12-20,2024-07-02,2024-12-20,0.03669489780933903,0.11326770364026563,944.94677734375,0.6377905,0.8654479,0.12517986,0.28197876,0.10918721,68.24633,0.13834266,3.77071,-0.8699999,-0.17599964,12.44,-0.1402903,0.015420091,-0.046603624,0.0123753045,1,Stable,True,Consumer Staples,1.0,elasticnet,0.1
2024-07-01,IRM,84.22201538085938,True,2024-12-20,2024-07-02,2024-12-20,0.09487348041574911,0.1714462862466757,99.9375991821289,0.6548386,1.1035244,0.17246062,0.33867022,0.15245917,66.55571,0.14424944,4.246264,-0.8699999,-0.17599964,12.44,-0.1402903,0.015420091,-0.046603624,0.0123753045,1,Stable,True,Real Estate,0.9971428571428571,elasticnet,0.1
2024-07-01,LDOS,142.50172424316406,True,2024-12-20,2024-07-02,2024-12-20,-0.07871102794572124,-0.002138222114794641,142.4901123046875,0.67970127,-0.029902188,0.11774293,0.3286649,0.14495702,65.99343,0.07843677,7.608252,-0.8699999,-0.17599964,12.44,-0.1402903,0.015420091,-0.046603624,0.0123753045,1,Stable,True,Industrials,0.9942857142857143,elasticnet,0.1
2024-07-01,TJX,107.51517486572266,True,2024-12-20,2024-07-02,2024-12-20,0.03777415764427508,0.11434696347520168,119.3974838256836,0.34010804,0.55109006,0.118149444,0.19994526,0.043058343,67.464836,0.101044886,3.788212,-0.8699999,-0.17599964,12.44,-0.1402903,0.015420091,-0.046603624,0.0123753045,1,Stable,True,Consumer Discretionary,0.9914285714285714,elasticnet,0.1
2024-07-01,VRSK,264.1576232910156,True,2024-12-20,2024-07-02,2024-12-20,-0.05718311879350377,0.01938968703742283,273.548095703125,0.20794146,0.5275876,0.105543695,0.15574439,0.005527044,68.73097,0.10967142,2.7715855,-0.8699999,-0.17599964,12.44,-0.1402903,0.015420091,-0.046603624,0.0123753045,1,Stable,True,Industrials,0.9885714285714285,elasticnet,0.1
2024-07-01,TYL,499.5199890136719,True,2024-12-20,2024-07-02,2024-12-20,0.11285741599649224,0.18943022182741884,605.4199829101562,0.2132222,0.7345269,0.119363956,0.20534717,0.04755004,67.18278,0.14106822,2.7803004,-0.8699999,-0.17599964,12.44,-0.1402903,0.015420091,-0.046603624,0.0123753045,1,Stable,True,Information Technology,0.9857142857142858,elasticnet,0.1
2024-07-01,GLW,37.33397674560547,True,2024-12-20,2024-07-02,2024-12-20,0.17150349709813897,0.24807630292906557,46.270225524902344,0.1529452,0.58465517,0.16127403,0.25461006,0.08760722,66.17944,0.13046946,3.650909,-0.8699999,-0.17599964,12.44,-0.1402903,0.015420091,-0.046603624,0.0123753045,1,Stable,True,Information Technology,0.9828571428571429,elasticnet,0.1
2024-07-01,AAPL,214.703369140625,True,2024-12-20,2024-07-02,2024-12-20,0.08139189022536536,0.15796469605629196,252.65647888183594,0.14932802,1.0342563,0.17625085,0.17116274,0.018779458,67.85245,0.13960387,2.3766804,-0.8699999,-0.17599964,12.44,-0.1402903,0.015420091,-0.046603624,0.0123753045,1,Stable,True,Information Technology,0.98,elasticnet,0.1
2024-07-01,WELL,100.04486083984375,True,2024-12-20,2024-07-02,2024-12-20,0.11221838340265411,0.1887911892335807,121.18529510498047,0.3291648,0.7015326,0.10539578,0.17275853,0.020141114,67.502266,0.097624466,3.4279652,-0.8699999,-0.17599964,12.44,-0.1402903,0.015420091,-0.046603624,0.0123753045,1,Stable,True,Real Estate,0.9771428571428571,elasticnet,0.1
2024-07-01,LLY,900.4849243164062,True,2024-12-20,2024-07-02,2024-12-20,-0.22723175198870935,-0.15065894615778275,758.4117431640625,0.9832501,0.5560483,0.19899966,0.4656388,0.24307358,65.88015,0.14071186,5.7053576,-0.8699999,-0.17599964,12.44,-0.1402903,0.015420091,-0.046603624,0.0123753045,1,Stable,True,Health Care,0.9742857142857143,elasticnet,0.1
2024-07-01,HUM,363.3369140625,True,2024-12-20,2024-07-02,2024-12-20,-0.41549220135595044,-0.3389193955250238,241.05030822753906,-0.15115285,0.08199786,0.05976551,-0.18531844,-0.34417555,62.985344,0.3368313,-1.2778258,-0.8699999,-0.17599964,12.44,-0.1402903,0.015420091,-0.046603624,0.0123753045,1,Stable,True,Health Care,1.0,base_lgbm,0.1
2024-07-01,SBAC,180.68727111816406,True,2024-12-20,2024-07-02,2024-12-20,0.01022622181726475,0.08679902764819135,195.5636444091797,-0.15958771,0.7892209,-0.08286157,-0.22882941,-0.39906326,44.671246,0.23207778,-2.3512633,-0.8699999,-0.17599964,12.44,-0.1402903,0.015420091,-0.046603624,0.0123753045,1,Stable,True,Real Estate,0.9971428571428571,base_lgbm,0.1
2024-07-01,TRGP,125.28343200683594,True,2024-12-20,2024-07-02,2024-12-20,0.2866927956906349,0.36326560152156145,170.4433135986328,0.78850055,0.6139461,0.23298718,0.5754149,0.3153011,63.21591,0.10547294,9.049613,-0.8699999,-0.17599964,12.44,-0.1402903,0.015420091,-0.046603624,0.0123753045,1,Stable,True,Energy,0.9942857142857143,base_lgbm,0.1
2024-07-01,MTCH,28.170452117919922,True,2024-12-20,2024-07-02,2024-12-20,0.0697767850304433,0.1463495908613699,32.41426086425781,-0.29942697,0.8028045,-0.12887387,-0.22565325,-0.3949531,41.23513,0.25354475,-2.1181452,-0.8699999,-0.17599964,12.44,-0.1402903,0.015420091,-0.046603624,0.0123753045,1,Stable,True,Unknown,0.9914285714285714,base_lgbm,0.1
2024-07-01,BF-B,39.74600601196289,True,2024-12-20,2024-07-02,2024-12-20,-0.09524363789333598,-0.01867083206240938,39.34662628173828,-0.3547908,0.20724697,-0.16950585,-0.23712559,-0.40987945,37.07068,0.20750175,-2.7392054,-0.8699999,-0.17599964,12.44,-0.1402903,0.015420091,-0.046603624,0.0123753045,1,Stable,True,Consumer Staples,0.9885714285714285,base_lgbm,0.1
2024-07-01,CHTR,296.0199890136719,True,2024-12-20,2024-07-02,2024-12-20,0.08158205413612443,0.15815485996705103,351.5,-0.1837984,0.4629137,0.009355767,-0.21867661,-0.38598374,58.010914,0.33770415,-1.5345056,-0.8699999,-0.17599964,12.44,-0.1402903,0.015420091,-0.046603624,0.0123753045,1,Stable,True,Communication Services,0.9857142857142858,base_lgbm,0.1
2024-07-01,LDOS,142.50172424316406,True,2024-12-20,2024-07-02,2024-12-20,-0.07871102794572124,-0.002138222114794641,142.4901123046875,0.67970127,-0.029902188,0.11774293,0.3286649,0.14495702,65.99343,0.07843677,7.608252,-0.8699999,-0.17599964,12.44,-0.1402903,0.015420091,-0.046603624,0.0123753045,1,Stable,True,Industrials,0.9828571428571429,base_lgbm,0.1
2024-07-01,COST,835.28271484375,True,2024-12-20,2024-07-02,2024-12-20,0.03669489780933903,0.11326770364026563,944.94677734375,0.6377905,0.8654479,0.12517986,0.28197876,0.10918721,68.24633,0.13834266,3.77071,-0.8699999,-0.17599964,12.44,-0.1402903,0.015420091,-0.046603624,0.0123753045,1,Stable,True,Consumer Staples,0.98,base_lgbm,0.1
2024-07-01,BALL,57.8822135925293,True,2024-12-20,2024-07-02,2024-12-20,-0.1360917710531858,-0.05951896522225919,54.5833854675293,0.045815457,0.955345,-0.069327064,0.047975946,-0.09235696,41.534428,0.1580895,0.62247854,-0.8699999,-0.17599964,12.44,-0.1402903,0.015420091,-0.046603624,0.0123753045,1,Stable,True,Materials,0.9771428571428571,base_lgbm,0.1
2024-07-01,XOM,106.96226501464844,True,2024-12-20,2024-07-02,2024-12-20,-0.1342072070198985,-0.057634401188971895,100.11365509033203,0.11535224,0.22431119,0.04317813,0.15904506,0.00837885,44.538734,0.11516392,2.691403,-0.8699999,-0.17599964,12.44,-0.1402903,0.015420091,-0.046603624,0.0123753045,1,Stable,True,Energy,0.9742857142857143,base_lgbm,0.1
2024-07-01,COST,835.28271484375,True,2024-12-20,2024-07-02,2024-12-20,0.03669489780933903,0.11326770364026563,944.94677734375,0.6377905,0.8654479,0.12517986,0.28197876,0.10918721,68.24633,0.13834266,3.77071,-0.8699999,-0.17599964,12.44,-0.1402903,0.015420091,-0.046603624,0.0123753045,1,Stable,True,Consumer Staples,0.99,elasticnet_lgbm_equal,0.1
2024-07-01,LDOS,142.50172424316406,True,2024-12-20,2024-07-02,2024-12-20,-0.07871102794572124,-0.002138222114794641,142.4901123046875,0.67970127,-0.029902188,0.11774293,0.3286649,0.14495702,65.99343,0.07843677,7.608252,-0.8699999,-0.17599964,12.44,-0.1402903,0.015420091,-0.046603624,0.0123753045,1,Stable,True,Industrials,0.9885714285714287,elasticnet_lgbm_equal,0.1
2024-07-01,IRM,84.22201538085938,True,2024-12-20,2024-07-02,2024-12-20,0.09487348041574911,0.1714462862466757,99.9375991821289,0.6548386,1.1035244,0.17246062,0.33867022,0.15245917,66.55571,0.14424944,4.246264,-0.8699999,-0.17599964,12.44,-0.1402903,0.015420091,-0.046603624,0.0123753045,1,Stable,True,Real Estate,0.98,elasticnet_lgbm_equal,0.1
2024-07-01,VRSK,264.1576232910156,True,2024-12-20,2024-07-02,2024-12-20,-0.05718311879350377,0.01938968703742283,273.548095703125,0.20794146,0.5275876,0.105543695,0.15574439,0.005527044,68.73097,0.10967142,2.7715855,-0.8699999,-0.17599964,12.44,-0.1402903,0.015420091,-0.046603624,0.0123753045,1,Stable,True,Industrials,0.9728571428571429,elasticnet_lgbm_equal,0.1
2024-07-01,TRGP,125.28343200683594,True,2024-12-20,2024-07-02,2024-12-20,0.2866927956906349,0.36326560152156145,170.4433135986328,0.78850055,0.6139461,0.23298718,0.5754149,0.3153011,63.21591,0.10547294,9.049613,-0.8699999,-0.17599964,12.44,-0.1402903,0.015420091,-0.046603624,0.0123753045,1,Stable,True,Energy,0.9542857142857143,elasticnet_lgbm_equal,0.1
2024-07-01,BSX,76.41000366210938,True,2024-12-20,2024-07-02,2024-12-20,0.08541273828590837,0.16198554411683497,88.94999694824219,0.43385255,0.4338373,0.10210843,0.3079426,0.12923777,62.451878,0.081990875,6.875841,-0.8699999,-0.17599964,12.44,-0.1402903,0.015420091,-0.046603624,0.0123753045,1,Stable,True,Health Care,0.9514285714285715,elasticnet_lgbm_equal,0.1
2024-07-01,AAPL,214.703369140625,True,2024-12-20,2024-07-02,2024-12-20,0.08139189022536536,0.15796469605629196,252.65647888183594,0.14932802,1.0342563,0.17625085,0.17116274,0.018779458,67.85245,0.13960387,2.3766804,-0.8699999,-0.17599964,12.44,-0.1402903,0.015420091,-0.046603624,0.0123753045,1,Stable,True,Information Technology,0.937142857142857,elasticnet_lgbm_equal,0.1
2024-07-01,TMUS,173.34603881835938,True,2024-12-20,2024-07-02,2024-12-20,0.1559257474862227,0.2324985533171493,214.7224578857422,0.32467544,0.015785284,0.08665816,0.10446537,-0.039856195,65.913414,0.07343627,2.8413606,-0.8699999,-0.17599964,12.44,-0.1402903,0.015420091,-0.046603624,0.0123753045,1,Stable,True,Communication Services,0.9271428571428572,elasticnet_lgbm_equal,0.1
2024-07-01,GLW,37.33397674560547,True,2024-12-20,2024-07-02,2024-12-20,0.17150349709813897,0.24807630292906557,46.270225524902344,0.1529452,0.58465517,0.16127403,0.25461006,0.08760722,66.17944,0.13046946,3.650909,-0.8699999,-0.17599964,12.44,-0.1402903,0.015420091,-0.046603624,0.0123753045,1,Stable,True,Information Technology,0.9257142857142857,elasticnet_lgbm_equal,0.1
2024-07-01,ACGL,95.70793914794922,True,2024-12-20,2024-07-02,2024-12-20,-0.11968837974498378,-0.04311557391405718,90.98999786376953,0.37820086,0.09418506,0.09797408,0.3051089,0.12706889,57.888847,0.115172744,4.8553295,-0.8699999,-0.17599964,12.44,-0.1402903,0.015420091,-0.046603624,0.0123753045,1,Stable,True,Financials,0.9207142857142857,elasticnet_lgbm_equal,0.1
2024-07-01,COST,835.28271484375,True,2024-12-20,2024-07-02,2024-12-20,0.03669489780933903,0.11326770364026563,944.94677734375,0.6377905,0.8654479,0.12517986,0.28197876,0.10918721,68.24633,0.13834266,3.77071,-0.8699999,-0.17599964,12.44,-0.1402903,0.015420091,-0.046603624,0.0123753045,1,Stable,True,Consumer Staples,0.9933333333333332,elasticnet_lgbm_lstm_equal,0.1
2024-07-01,LDOS,142.50172424316406,True,2024-12-20,2024-07-02,2024-12-20,-0.07871102794572124,-0.002138222114794641,142.4901123046875,0.67970127,-0.029902188,0.11774293,0.3286649,0.14495702,65.99343,0.07843677,7.608252,-0.8699999,-0.17599964,12.44,-0.1402903,0.015420091,-0.046603624,0.0123753045,1,Stable,True,Industrials,0.9876190476190476,elasticnet_lgbm_lstm_equal,0.1
2024-07-01,VRSK,264.1576232910156,True,2024-12-20,2024-07-02,2024-12-20,-0.05718311879350377,0.01938968703742283,273.548095703125,0.20794146,0.5275876,0.105543695,0.15574439,0.005527044,68.73097,0.10967142,2.7715855,-0.8699999,-0.17599964,12.44,-0.1402903,0.015420091,-0.046603624,0.0123753045,1,Stable,True,Industrials,0.9809523809523809,elasticnet_lgbm_lstm_equal,0.1
2024-07-01,BSX,76.41000366210938,True,2024-12-20,2024-07-02,2024-12-20,0.08541273828590837,0.16198554411683497,88.94999694824219,0.43385255,0.4338373,0.10210843,0.3079426,0.12923777,62.451878,0.081990875,6.875841,-0.8699999,-0.17599964,12.44,-0.1402903,0.015420091,-0.046603624,0.0123753045,1,Stable,True,Health Care,0.9657142857142857,elasticnet_lgbm_lstm_equal,0.1
2024-07-01,AAPL,214.703369140625,True,2024-12-20,2024-07-02,2024-12-20,0.08139189022536536,0.15796469605629196,252.65647888183594,0.14932802,1.0342563,0.17625085,0.17116274,0.018779458,67.85245,0.13960387,2.3766804,-0.8699999,-0.17599964,12.44,-0.1402903,0.015420091,-0.046603624,0.0123753045,1,Stable,True,Information Technology,0.9485714285714285,elasticnet_lgbm_lstm_equal,0.1
2024-07-01,GLW,37.33397674560547,True,2024-12-20,2024-07-02,2024-12-20,0.17150349709813897,0.24807630292906557,46.270225524902344,0.1529452,0.58465517,0.16127403,0.25461006,0.08760722,66.17944,0.13046946,3.650909,-0.8699999,-0.17599964,12.44,-0.1402903,0.015420091,-0.046603624,0.0123753045,1,Stable,True,Information Technology,0.9447619047619047,elasticnet_lgbm_lstm_equal,0.1
2024-07-01,TMUS,173.34603881835938,True,2024-12-20,2024-07-02,2024-12-20,0.1559257474862227,0.2324985533171493,214.7224578857422,0.32467544,0.015785284,0.08665816,0.10446537,-0.039856195,65.913414,0.07343627,2.8413606,-0.8699999,-0.17599964,12.44,-0.1402903,0.015420091,-0.046603624,0.0123753045,1,Stable,True,Communication Services,0.94,elasticnet_lgbm_lstm_equal,0.1
2024-07-01,IRM,84.22201538085938,True,2024-12-20,2024-07-02,2024-12-20,0.09487348041574911,0.1714462862466757,99.9375991821289,0.6548386,1.1035244,0.17246062,0.33867022,0.15245917,66.55571,0.14424944,4.246264,-0.8699999,-0.17599964,12.44,-0.1402903,0.015420091,-0.046603624,0.0123753045,1,Stable,True,Real Estate,0.937142857142857,elasticnet_lgbm_lstm_equal,0.1
2024-07-01,WMT,66.0820541381836,True,2024-12-20,2024-07-02,2024-12-20,0.28537604758273727,0.3619488534136639,90.78730773925781,0.33080703,0.15824398,0.119115666,0.28804138,0.11390516,62.56059,0.0819227,6.4885287,-0.8699999,-0.17599964,12.44,-0.1402903,0.015420091,-0.046603624,0.0123753045,1,Stable,True,Consumer Staples,0.9199999999999999,elasticnet_lgbm_lstm_equal,0.1
2024-07-01,ACGL,95.70793914794922,True,2024-12-20,2024-07-02,2024-12-20,-0.11968837974498378,-0.04311557391405718,90.98999786376953,0.37820086,0.09418506,0.09797408,0.3051089,0.12706889,57.888847,0.115172744,4.8553295,-0.8699999,-0.17599964,12.44,-0.1402903,0.015420091,-0.046603624,0.0123753045,1,Stable,True,Financials,0.9176190476190476,elasticnet_lgbm_lstm_equal,0.1
2024-07-01,AAPL,214.703369140625,True,2024-12-20,2024-07-02,2024-12-20,0.08139189022536536,0.15796469605629196,252.65647888183594,0.14932802,1.0342563,0.17625085,0.17116274,0.018779458,67.85245,0.13960387,2.3766804,-0.8699999,-0.17599964,12.44,-0.1402903,0.015420091,-0.046603624,0.0123753045,1,Stable,True,Information Technology,0.9520000000000001,original_40_40_20,0.1
2024-07-01,IR,89.3488540649414,True,2024-12-20,2024-07-02,2024-12-20,-0.05828490165724717,0.018287904173679426,92.12089538574219,0.39179936,0.97535175,0.0024084356,0.18303606,0.028866475,47.4529,0.16953647,2.0820093,-0.8699999,-0.17599964,12.44,-0.1402903,0.015420091,-0.046603624,0.0123753045,1,Stable,True,Industrials,0.9285714285714286,original_40_40_20,0.1
2024-07-01,XYL,127.8438720703125,True,2024-12-20,2024-07-02,2024-12-20,-0.18612020074919453,-0.10954739491826793,114.4793701171875,0.19562684,1.012829,0.020355495,0.17198746,0.0194834,52.444878,0.113801874,2.9285288,-0.8699999,-0.17599964,12.44,-0.1402903,0.015420091,-0.046603624,0.0123753045,1,Stable,True,Industrials,0.9257142857142858,original_40_40_20,0.1
2024-07-01,DOV,173.2745819091797,True,2024-12-20,2024-07-02,2024-12-20,-0.001309268466601482,0.07526353736432512,186.2842559814453,0.23965538,0.84086424,0.037341855,0.20111829,0.04403544,52.101784,0.102748476,3.745373,-0.8699999,-0.17599964,12.44,-0.1402903,0.015420091,-0.046603624,0.0123753045,1,Stable,True,Industrials,0.9257142857142858,original_40_40_20,0.1
2024-07-01,EMR,104.09473419189453,True,2024-12-20,2024-07-02,2024-12-20,0.06949111565195365,0.14606392148288025,120.64623260498047,0.23665908,0.8582076,0.012406984,0.13903503,-0.009036142,45.516098,0.124470375,2.1963542,-0.8699999,-0.17599964,12.44,-0.1402903,0.015420091,-0.046603624,0.0123753045,1,Stable,True,Industrials,0.8925714285714286,original_40_40_20,0.1
2024-07-01,JCI,64.0009765625,True,2024-12-20,2024-07-02,2024-12-20,0.14533399045754447,0.22190679628847107,79.1581039428711,-0.0023434784,0.97647685,0.04559817,0.15832138,0.00775428,50.542957,0.20250745,1.5240966,-0.8699999,-0.17599964,12.44,-0.1402903,0.015420091,-0.046603624,0.0123753045,1,Stable,True,Industrials,0.8851428571428572,original_40_40_20,0.1
2024-07-01,HAS,52.90064239501953,True,2024-12-20,2024-07-02,2024-12-20,-0.044929422029758775,0.031643383801167824,54.13814926147461,-0.05099546,0.70284426,0.045600504,0.18266654,0.028554084,51.392334,0.17623058,1.999202,-0.8699999,-0.17599964,12.44,-0.1402903,0.015420091,-0.046603624,0.0123753045,1,Stable,True,Consumer Discretionary,0.8754285714285714,original_40_40_20,0.1
2024-07-01,IFF,89.23439025878906,True,2024-12-20,2024-07-02,2024-12-20,-0.1638012217443815,-0.08722841591345488,82.84981536865234,0.23409261,0.8490658,0.08426838,0.17119834,0.018809853,56.5495,0.17793441,1.8650559,-0.8699999,-0.17599964,12.44,-0.1402903,0.015420091,-0.046603624,0.0123753045,1,Stable,True,Materials,0.8731428571428572,original_40_40_20,0.1
2024-07-01,COST,835.28271484375,True,2024-12-20,2024-07-02,2024-12-20,0.03669489780933903,0.11326770364026563,944.94677734375,0.6377905,0.8654479,0.12517986,0.28197876,0.10918721,68.24633,0.13834266,3.77071,-0.8699999,-0.17599964,12.44,-0.1402903,0.015420091,-0.046603624,0.0123753045,1,Stable,True,Consumer Staples,0.8731428571428572,original_40_40_20,0.1
2024-07-01,MSI,378.3216552734375,True,2024-12-20,2024-07-02,2024-12-20,0.14404052318953292,0.22061332902045952,462.2506408691406,0.35445318,0.8707449,0.11712199,0.24172331,0.07728259,62.53991,0.10520548,4.3215466,-0.8699999,-0.17599964,12.44,-0.1402903,0.015420091,-0.046603624,0.0123753045,1,Stable,True,Information Technology,0.8645714285714285,original_40_40_20,0.1
2024-07-01,AAPL,214.703369140625,True,2024-12-20,2024-07-02,2024-12-20,0.08139189022536536,0.15796469605629196,252.65647888183594,0.14932802,1.0342563,0.17625085,0.17116274,0.018779458,67.85245,0.13960387,2.3766804,-0.8699999,-0.17599964,12.44,-0.1402903,0.015420091,-0.046603624,0.0123753045,1,Stable,True,Information Technology,0.9301936860618575,cv_locked_relu_4model,0.1
2024-07-01,JNPR,35.8784359235,True,2024-12-20,2024-07-02,2024-12-20,-0.04616462285103514,0.03040818297989146,36.7883591894,0.22307657,0.13229185,0.020414298,0.23089871,0.068526976,50.041344,0.056340046,7.7434015,-0.8699999,-0.17599964,12.44,-0.1402903,0.015420091,-0.046603624,0.0123753045,1,Stable,True,Unknown,0.8943566479360466,cv_locked_relu_4model,0.1
2024-07-01,T,17.056644439697266,True,2024-12-20,2024-07-02,2024-12-20,0.16614485682004532,0.24271766265097192,21.017906188964844,0.27261323,-0.002430476,0.109646216,0.1319616,-0.01526553,63.250816,0.12629215,2.0610886,-0.8699999,-0.17599964,12.44,-0.1402903,0.015420091,-0.046603624,0.0123753045,1,Stable,True,Communication Services,0.8877379374721583,cv_locked_relu_4model,0.1
2024-07-01,WM,203.16551208496094,True,2024-12-20,2024-07-02,2024-12-20,-0.08707931136841593,-0.01050650553748933,201.13658142089844,0.2541466,0.072305635,0.03426708,0.18316816,0.028978126,51.11102,0.09658913,3.6568398,-0.8699999,-0.17599964,12.44,-0.1402903,0.015420091,-0.046603624,0.0123753045,1,Stable,True,Industrials,0.8851920346722675,cv_locked_relu_4model,0.1
2024-07-01,FANG,191.48916625976562,True,2024-12-20,2024-07-02,2024-12-20,-0.3074852152810754,-0.2309124094501488,148.1322479248047,0.65328974,0.41454402,0.109643556,0.34314677,0.15579762,49.78747,0.13324392,4.6496077,-0.8699999,-0.17599964,12.44,-0.1402903,0.015420091,-0.046603624,0.0123753045,1,Stable,True,Energy,0.8845911779165961,cv_locked_relu_4model,0.1
2024-07-01,VTR,48.17022705078125,True,2024-12-20,2024-07-02,2024-12-20,0.06602659502729086,0.14259940085821746,56.02367401123047,0.12130023,0.86487204,0.11993711,0.06478252,-0.07644701,69.69644,0.15740152,0.83746463,-0.8699999,-0.17599964,12.44,-0.1402903,0.015420091,-0.046603624,0.0123753045,1,Stable,True,Real Estate,0.8827359187728787,cv_locked_relu_4model,0.1
2024-07-01,DOV,173.2745819091797,True,2024-12-20,2024-07-02,2024-12-20,-0.001309268466601482,0.07526353736432512,186.2842559814453,0.23965538,0.84086424,0.037341855,0.20111829,0.04403544,52.101784,0.102748476,3.745373,-0.8699999,-0.17599964,12.44,-0.1402903,0.015420091,-0.046603624,0.0123753045,1,Stable,True,Industrials,0.8768761460058727,cv_locked_relu_4model,0.1
2024-07-01,CTLT,56.16,True,2024-12-20,2024-07-02,2024-12-20,,,,0.30483273,0.29595003,0.01334039,0.20360051,0.046099905,47.24359,0.10111791,3.848643,-0.8699999,-0.17599964,12.44,-0.1402903,0.015420091,-0.046603624,0.0123753045,1,Stable,True,Unknown,0.8765197685518119,cv_locked_relu_4model,0.1
2024-07-01,RTX,95.65518951416016,True,2024-12-20,2024-07-02,2024-12-20,0.09588987000193763,0.17246267583286423,113.12100982666016,0.045602664,0.13799495,0.027637353,0.1743737,0.0215174,48.347103,0.08408938,4.014103,-0.8699999,-0.17599964,12.44,-0.1402903,0.015420091,-0.046603624,0.0123753045,1,Stable,True,Industrials,0.8745384287481796,cv_locked_relu_4model,0.1
2024-07-01,IFF,89.23439025878906,True,2024-12-20,2024-07-02,2024-12-20,-0.1638012217443815,-0.08722841591345488,82.84981536865234,0.23409261,0.8490658,0.08426838,0.17119834,0.018809853,56.5495,0.17793441,1.8650559,-0.8699999,-0.17599964,12.44,-0.1402903,0.015420091,-0.046603624,0.0123753045,1,Stable,True,Materials,0.8714234935958667,cv_locked_relu_4model,0.1
2024-12-19,CBRE,125.6500015258789,True,2025-06-17,2024-12-20,2025-06-17,0.015255349105526632,0.024001167209907637,132.25999450683594,0.38977987,0.671121,0.050302085,0.46155635,0.31035346,50.92882,0.1545632,5.1561685,0.26200008,0.2909999,27.62,0.68929666,0.07354557,-0.01378938,-0.0050821053,1,Stable,True,Real Estate,1.0,elasticnet,0.1
2024-12-19,FTNT,94.8499984741211,True,2025-06-17,2024-12-20,2025-06-17,0.049799244855588516,0.05854506295996952,102.87999725341797,0.6421399,0.52712727,0.21993828,0.58479536,0.39130688,62.292446,0.15619048,6.190877,0.26200008,0.2909999,27.62,0.68929666,0.07354557,-0.01378938,-0.0050821053,1,Stable,True,Information Technology,0.9972527472527473,elasticnet,0.1
2024-12-19,K,78.1161557476,True,2025-06-17,2024-12-20,2025-06-17,0.0017415583008898606,0.010487376405270865,79.0925919435,0.5488404,-0.5202111,0.06802898,0.4365792,0.29311633,51.941433,0.04520879,16.827612,0.26200008,0.2909999,27.62,0.68929666,0.07354557,-0.01378938,-0.0050821053,1,Stable,True,Unknown,0.9945054945054945,elasticnet,0.1
2024-12-19,FFIV,250.41000366210938,True,2025-06-17,2024-12-20,2025-06-17,0.13531759651560163,0.14406341461998262,288.5899963378906,0.39940763,0.936528,0.166643,0.46284622,0.3112356,61.89589,0.13669398,5.8437567,0.26200008,0.2909999,27.62,0.68929666,0.07354557,-0.01378938,-0.0050821053,1,Stable,True,Information Technology,0.9917582417582418,elasticnet,0.1
2024-12-19,BMY,51.88094711303711,True,2025-06-17,2024-12-20,2025-06-17,-0.16679732371561493,-0.15805150561123393,44.480220794677734,0.13503587,0.01108943,0.10750688,0.3994157,0.2669064,54.826874,0.15944336,4.4261174,0.26200008,0.2909999,27.62,0.68929666,0.07354557,-0.01378938,-0.0050821053,1,Stable,True,Health Care,0.989010989010989,elasticnet,0.1
2024-12-19,ETR,71.15850830078125,True,2025-06-17,2024-12-20,2025-06-17,0.08489614425097448,0.09364196235535549,78.49055480957031,0.5267696,-0.16189796,0.15387987,0.4341387,0.29141605,59.21684,0.14341182,5.2797976,0.26200008,0.2909999,27.62,0.68929666,0.07354557,-0.01378938,-0.0050821053,1,Stable,True,Utilities,0.9862637362637363,elasticnet,0.1
2024-12-19,FICO,2044.8900146484375,True,2025-06-17,2024-12-20,2025-06-17,-0.15893378833645344,-0.15018797023207245,1776.93994140625,0.77429265,0.990841,0.06539452,0.36643925,0.24305987,53.95664,0.19027475,3.4457405,0.26200008,0.2909999,27.62,0.68929666,0.07354557,-0.01378938,-0.0050821053,1,Stable,True,Information Technology,0.9835164835164835,elasticnet,0.1
2024-12-19,FOX,45.26060485839844,True,2025-06-17,2024-12-20,2025-06-17,0.06062237548411875,0.06936819358849976,49.11619567871094,0.6758508,0.31011465,0.19050309,0.45593423,0.3064994,65.17857,0.102250755,7.714958,0.26200008,0.2909999,27.62,0.68929666,0.07354557,-0.01378938,-0.0050821053,1,Stable,True,Communication Services,0.9807692307692307,elasticnet,0.1
2024-12-19,FOXA,48.14634323120117,True,2025-06-17,2024-12-20,2025-06-17,0.08838686995798098,0.09713268806236199,53.569190979003906,0.6563494,0.3080325,0.17783803,0.44090062,0.29611996,63.21981,0.106772885,7.1840663,0.26200008,0.2909999,27.62,0.68929666,0.07354557,-0.01378938,-0.0050821053,1,Stable,True,Communication Services,0.978021978021978,elasticnet,0.1
2024-12-19,PNR,98.97908782958984,True,2025-06-17,2024-12-20,2025-06-17,-0.05964539000875001,-0.050899571904369,94.8434829711914,0.43292618,1.0075524,0.078648955,0.36397532,0.24125506,55.04162,0.14692351,4.4366436,0.26200008,0.2909999,27.62,0.68929666,0.07354557,-0.01378938,-0.0050821053,1,Stable,True,Industrials,0.9752747252747253,elasticnet,0.1
2024-12-19,HUM,230.00743103027344,True,2025-06-17,2024-12-20,2025-06-17,-0.02497809778607439,-0.016232279681693385,237.13751220703125,-0.4864252,0.44173926,-0.25017652,-0.36695826,-0.5263673,43.532482,0.40417853,-2.3755832,0.26200008,0.2909999,27.62,0.68929666,0.07354557,-0.01378938,-0.0050821053,1,Stable,True,Health Care,1.0,base_lgbm,0.1
2024-12-19,DVN,29.329627990722656,True,2025-06-17,2024-12-20,2025-06-17,0.13536887717878482,0.1441146952831658,33.831329345703125,-0.30840257,0.6281875,-0.2532662,-0.34926504,-0.49880123,34.747993,0.24169682,-3.733069,0.26200008,0.2909999,27.62,0.68929666,0.07354557,-0.01378938,-0.0050821053,1,Stable,True,Energy,0.9972527472527473,base_lgbm,0.1
2024-12-19,REGN,701.62890625,True,2025-06-17,2024-12-20,2025-06-17,-0.281714871644662,-0.272969053540281,505.49639892578125,-0.16518353,0.80908835,-0.2852051,-0.32995585,-0.46956006,23.137583,0.23755905,-3.539602,0.26200008,0.2909999,27.62,0.68929666,0.07354557,-0.01378938,-0.0050821053,1,Stable,True,Health Care,0.9945054945054945,base_lgbm,0.1
2024-12-19,FOX,45.26060485839844,True,2025-06-17,2024-12-20,2025-06-17,0.06062237548411875,0.06936819358849976,49.11619567871094,0.6758508,0.31011465,0.19050309,0.45593423,0.3064994,65.17857,0.102250755,7.714958,0.26200008,0.2909999,27.62,0.68929666,0.07354557,-0.01378938,-0.0050821053,1,Stable,True,Communication Services,0.9917582417582418,base_lgbm,0.1
2024-12-19,GDDY,202.94000244140625,True,2025-06-17,2024-12-20,2025-06-17,-0.1419915699568519,-0.1332457518524709,178.0399932861328,0.8893957,0.9335118,0.22287269,0.43420497,0.29146227,70.724396,0.15997678,4.7337017,0.26200008,0.2909999,27.62,0.68929666,0.07354557,-0.01378938,-0.0050821053,1,Stable,True,Information Technology,0.989010989010989,base_lgbm,0.1
2024-12-19,FTNT,94.8499984741211,True,2025-06-17,2024-12-20,2025-06-17,0.049799244855588516,0.05854506295996952,102.87999725341797,0.6421399,0.52712727,0.21993828,0.58479536,0.39130688,62.292446,0.15619048,6.190877,0.26200008,0.2909999,27.62,0.68929666,0.07354557,-0.01378938,-0.0050821053,1,Stable,True,Information Technology,0.9862637362637363,base_lgbm,0.1
2024-12-19,FOXA,48.14634323120117,True,2025-06-17,2024-12-20,2025-06-17,0.08838686995798098,0.09713268806236199,53.569190979003906,0.6563494,0.3080325,0.17783803,0.44090062,0.29611996,63.21981,0.106772885,7.1840663,0.26200008,0.2909999,27.62,0.68929666,0.07354557,-0.01378938,-0.0050821053,1,Stable,True,Communication Services,0.9835164835164835,base_lgbm,0.1
2024-12-19,FFIV,250.41000366210938,True,2025-06-17,2024-12-20,2025-06-17,0.13531759651560163,0.14406341461998262,288.5899963378906,0.39940763,0.936528,0.166643,0.46284622,0.3112356,61.89589,0.13669398,5.8437567,0.26200008,0.2909999,27.62,0.68929666,0.07354557,-0.01378938,-0.0050821053,1,Stable,True,Information Technology,0.9807692307692307,base_lgbm,0.1
2024-12-19,ETR,71.15850830078125,True,2025-06-17,2024-12-20,2025-06-17,0.08489614425097448,0.09364196235535549,78.49055480957031,0.5267696,-0.16189796,0.15387987,0.4341387,0.29141605,59.21684,0.14341182,5.2797976,0.26200008,0.2909999,27.62,0.68929666,0.07354557,-0.01378938,-0.0050821053,1,Stable,True,Utilities,0.978021978021978,base_lgbm,0.1
2024-12-19,DLTR,69.05999755859375,True,2025-06-17,2024-12-20,2025-06-17,0.33962263791708763,0.34836845602146865,98.3499984741211,-0.48308387,0.36869,-0.13671586,-0.35608393,-0.5093353,48.835636,0.45900702,-2.0138962,0.26200008,0.2909999,27.62,0.68929666,0.07354557,-0.01378938,-0.0050821053,1,Stable,True,Consumer Staples,0.9752747252747253,base_lgbm,0.1
2024-12-19,FTNT,94.8499984741211,True,2025-06-17,2024-12-20,2025-06-17,0.049799244855588516,0.05854506295996952,102.87999725341797,0.6421399,0.52712727,0.21993828,0.58479536,0.39130688,62.292446,0.15619048,6.190877,0.26200008,0.2909999,27.62,0.68929666,0.07354557,-0.01378938,-0.0050821053,1,Stable,True,Information Technology,0.9917582417582418,elasticnet_lgbm_equal,0.1
2024-12-19,FOX,45.26060485839844,True,2025-06-17,2024-12-20,2025-06-17,0.06062237548411875,0.06936819358849976,49.11619567871094,0.6758508,0.31011465,0.19050309,0.45593423,0.3064994,65.17857,0.102250755,7.714958,0.26200008,0.2909999,27.62,0.68929666,0.07354557,-0.01378938,-0.0050821053,1,Stable,True,Communication Services,0.9862637362637363,elasticnet_lgbm_equal,0.1
2024-12-19,FFIV,250.41000366210938,True,2025-06-17,2024-12-20,2025-06-17,0.13531759651560163,0.14406341461998262,288.5899963378906,0.39940763,0.936528,0.166643,0.46284622,0.3112356,61.89589,0.13669398,5.8437567,0.26200008,0.2909999,27.62,0.68929666,0.07354557,-0.01378938,-0.0050821053,1,Stable,True,Information Technology,0.9862637362637363,elasticnet_lgbm_equal,0.1
2024-12-19,ETR,71.15850830078125,True,2025-06-17,2024-12-20,2025-06-17,0.08489614425097448,0.09364196235535549,78.49055480957031,0.5267696,-0.16189796,0.15387987,0.4341387,0.29141605,59.21684,0.14341182,5.2797976,0.26200008,0.2909999,27.62,0.68929666,0.07354557,-0.01378938,-0.0050821053,1,Stable,True,Utilities,0.9821428571428572,elasticnet_lgbm_equal,0.1
2024-12-19,FOXA,48.14634323120117,True,2025-06-17,2024-12-20,2025-06-17,0.08838686995798098,0.09713268806236199,53.569190979003906,0.6563494,0.3080325,0.17783803,0.44090062,0.29611996,63.21981,0.106772885,7.1840663,0.26200008,0.2909999,27.62,0.68929666,0.07354557,-0.01378938,-0.0050821053,1,Stable,True,Communication Services,0.9807692307692307,elasticnet_lgbm_equal,0.1
2024-12-19,GDDY,202.94000244140625,True,2025-06-17,2024-12-20,2025-06-17,-0.1419915699568519,-0.1332457518524709,178.0399932861328,0.8893957,0.9335118,0.22287269,0.43420497,0.29146227,70.724396,0.15997678,4.7337017,0.26200008,0.2909999,27.62,0.68929666,0.07354557,-0.01378938,-0.0050821053,1,Stable,True,Information Technology,0.9780219780219781,elasticnet_lgbm_equal,0.1
2024-12-19,FI,202.26,True,2025-06-17,2024-12-20,2025-06-17,-0.21554028546667178,-0.2067944673622908,163.44,0.50737816,0.6334691,0.1021012,0.3746092,0.2490211,59.11266,0.13236913,5.047672,0.26200008,0.2909999,27.62,0.68929666,0.07354557,-0.01378938,-0.0050821053,1,Stable,True,Financials,0.9711538461538461,elasticnet_lgbm_equal,0.1
2024-12-19,LYV,132.19000244140625,True,2025-06-17,2024-12-20,2025-06-17,0.08361610920159314,0.09236192730597415,145.58999633789062,0.39279315,0.9809549,0.19928785,0.39485076,0.26363903,63.919,0.14599267,4.786909,0.26200008,0.2909999,27.62,0.68929666,0.07354557,-0.01378938,-0.0050821053,1,Stable,True,Communication Services,0.9601648351648351,elasticnet_lgbm_equal,0.1
2024-12-19,WMT,91.92903900146484,True,2025-06-17,2024-12-20,2025-06-17,0.018328368969987477,0.027074187074368483,93.24530029296875,0.8231756,0.35693955,0.17738023,0.3911347,0.26097137,64.68481,0.097478494,7.1118402,0.26200008,0.2909999,27.62,0.68929666,0.07354557,-0.01378938,-0.0050821053,1,Stable,True,Consumer Staples,0.9587912087912088,elasticnet_lgbm_equal,0.1
2024-12-19,MMM,123.0391616821289,True,2025-06-17,2024-12-20,2025-06-17,0.1021100041731268,0.1108558222775078,138.99024963378906,0.48063827,0.8863159,0.008129005,0.2771603,0.17549069,43.89415,0.12782815,4.019006,0.26200008,0.2909999,27.62,0.68929666,0.07354557,-0.01378938,-0.0050821053,1,Stable,True,Industrials,0.9574175824175825,elasticnet_lgbm_equal,0.1
2024-12-19,FOX,45.26060485839844,True,2025-06-17,2024-12-20,2025-06-17,0.06062237548411875,0.06936819358849976,49.11619567871094,0.6758508,0.31011465,0.19050309,0.45593423,0.3064994,65.17857,0.102250755,7.714958,0.26200008,0.2909999,27.62,0.68929666,0.07354557,-0.01378938,-0.0050821053,1,Stable,True,Communication Services,0.987179487179487,elasticnet_lgbm_lstm_equal,0.1
2024-12-19,FFIV,250.41000366210938,True,2025-06-17,2024-12-20,2025-06-17,0.13531759651560163,0.14406341461998262,288.5899963378906,0.39940763,0.936528,0.166643,0.46284622,0.3112356,61.89589,0.13669398,5.8437567,0.26200008,0.2909999,27.62,0.68929666,0.07354557,-0.01378938,-0.0050821053,1,Stable,True,Information Technology,0.9844322344322343,elasticnet_lgbm_lstm_equal,0.1
2024-12-19,FOXA,48.14634323120117,True,2025-06-17,2024-12-20,2025-06-17,0.08838686995798098,0.09713268806236199,53.569190979003906,0.6563494,0.3080325,0.17783803,0.44090062,0.29611996,63.21981,0.106772885,7.1840663,0.26200008,0.2909999,27.62,0.68929666,0.07354557,-0.01378938,-0.0050821053,1,Stable,True,Communication Services,0.9798534798534797,elasticnet_lgbm_lstm_equal,0.1
2024-12-19,FI,202.26,True,2025-06-17,2024-12-20,2025-06-17,-0.21554028546667178,-0.2067944673622908,163.44,0.50737816,0.6334691,0.1021012,0.3746092,0.2490211,59.11266,0.13236913,5.047672,0.26200008,0.2909999,27.62,0.68929666,0.07354557,-0.01378938,-0.0050821053,1,Stable,True,Financials,0.9780219780219779,elasticnet_lgbm_lstm_equal,0.1
2024-12-19,ETR,71.15850830078125,True,2025-06-17,2024-12-20,2025-06-17,0.08489614425097448,0.09364196235535549,78.49055480957031,0.5267696,-0.16189796,0.15387987,0.4341387,0.29141605,59.21684,0.14341182,5.2797976,0.26200008,0.2909999,27.62,0.68929666,0.07354557,-0.01378938,-0.0050821053,1,Stable,True,Utilities,0.9752747252747251,elasticnet_lgbm_lstm_equal,0.1
2024-12-19,FTNT,94.8499984741211,True,2025-06-17,2024-12-20,2025-06-17,0.049799244855588516,0.05854506295996952,102.87999725341797,0.6421399,0.52712727,0.21993828,0.58479536,0.39130688,62.292446,0.15619048,6.190877,0.26200008,0.2909999,27.62,0.68929666,0.07354557,-0.01378938,-0.0050821053,1,Stable,True,Information Technology,0.9716117216117216,elasticnet_lgbm_lstm_equal,0.1
2024-12-19,MMM,123.0391616821289,True,2025-06-17,2024-12-20,2025-06-17,0.1021100041731268,0.1108558222775078,138.99024963378906,0.48063827,0.8863159,0.008129005,0.2771603,0.17549069,43.89415,0.12782815,4.019006,0.26200008,0.2909999,27.62,0.68929666,0.07354557,-0.01378938,-0.0050821053,1,Stable,True,Industrials,0.9441391941391941,elasticnet_lgbm_lstm_equal,0.1
2024-12-19,WMT,91.92903900146484,True,2025-06-17,2024-12-20,2025-06-17,0.018328368969987477,0.027074187074368483,93.24530029296875,0.8231756,0.35693955,0.17738023,0.3911347,0.26097137,64.68481,0.097478494,7.1118402,0.26200008,0.2909999,27.62,0.68929666,0.07354557,-0.01378938,-0.0050821053,1,Stable,True,Consumer Staples,0.9423076923076923,elasticnet_lgbm_lstm_equal,0.1
2024-12-19,CPAY,339.0899963378906,True,2025-06-17,2024-12-20,2025-06-17,-0.056647402794236065,-0.04790158468985506,327.3599853515625,0.21712129,0.91881245,0.053344946,0.27352956,0.17264384,55.3881,0.15308219,3.316935,0.26200008,0.2909999,27.62,0.68929666,0.07354557,-0.01378938,-0.0050821053,1,Stable,True,Financials,0.9391025641025641,elasticnet_lgbm_lstm_equal,0.1
2024-12-19,GDDY,202.94000244140625,True,2025-06-17,2024-12-20,2025-06-17,-0.1419915699568519,-0.1332457518524709,178.0399932861328,0.8893957,0.9335118,0.22287269,0.43420497,0.29146227,70.724396,0.15997678,4.7337017,0.26200008,0.2909999,27.62,0.68929666,0.07354557,-0.01378938,-0.0050821053,1,Stable,True,Information Technology,0.9377289377289376,elasticnet_lgbm_lstm_equal,0.1
2024-12-19,CBOE,191.80075073242188,True,2025-06-17,2024-12-20,2025-06-17,0.1745087027250364,0.1832545208294174,224.38446044921875,0.10811004,-0.66956013,-0.03618298,0.13398786,0.056592107,43.589325,0.1501555,1.758544,0.26200008,0.2909999,27.62,0.68929666,0.07354557,-0.01378938,-0.0050821053,1,Stable,True,Financials,0.9406593406593408,original_40_40_20,0.1
2024-12-19,WEC,87.9094467163086,True,2025-06-17,2024-12-20,2025-06-17,0.11206743180421111,0.12081324990859212,99.84015655517578,0.16407393,-0.054615073,0.013732376,0.2221771,0.13148539,46.753963,0.09162439,4.598459,0.26200008,0.2909999,27.62,0.68929666,0.07354557,-0.01378938,-0.0050821053,1,Stable,True,Utilities,0.8857142857142859,original_40_40_20,0.1
2024-12-19,D,49.54899215698242,True,2025-06-17,2024-12-20,2025-06-17,0.01756610198929666,0.026311920093677665,51.495697021484375,0.15997398,-0.10146542,-0.0409949,0.12966435,0.052772153,43.55494,0.1368792,1.8705044,0.26200008,0.2909999,27.62,0.68929666,0.07354557,-0.01378938,-0.0050821053,1,Stable,True,Utilities,0.8813186813186813,original_40_40_20,0.1
2024-12-19,IT,481.2200012207031,True,2025-06-17,2024-12-20,2025-06-17,-0.1849697515887958,-0.1762239334844148,404.67999267578125,0.0682383,1.0888672,-0.036059298,0.09041057,0.017405903,45.86451,0.14511628,1.2525405,0.26200008,0.2909999,27.62,0.68929666,0.07354557,-0.01378938,-0.0050821053,1,Stable,True,Information Technology,0.8675824175824176,original_40_40_20,0.1
2024-12-19,JBHT,165.24929809570312,True,2025-06-17,2024-12-20,2025-06-17,-0.18691217768320123,-0.17816635957882024,137.52825927734375,-0.14668912,0.94140714,-0.029822472,0.06449863,-0.006644469,49.566357,0.19724941,0.66544294,0.26200008,0.2909999,27.62,0.68929666,0.07354557,-0.01378938,-0.0050821053,1,Stable,True,Industrials,0.8615384615384616,original_40_40_20,0.1
2024-12-19,CMS,62.34111022949219,True,2025-06-17,2024-12-20,2025-06-17,0.04495083151542335,0.05369664961980436,66.53768920898438,0.1707853,-0.08818904,-0.015886996,0.13570195,0.058102533,41.961826,0.10437194,2.560333,0.26200008,0.2909999,27.62,0.68929666,0.07354557,-0.01378938,-0.0050821053,1,Stable,True,Utilities,0.8494505494505495,original_40_40_20,0.1
2024-12-19,BXP,67.29692077636719,True,2025-06-17,2024-12-20,2025-06-17,-0.020418601913291354,-0.011672783808910348,67.69957733154297,0.08867486,1.0249741,-0.036557954,0.22311176,0.13224985,44.650368,0.20787509,2.0345695,0.26200008,0.2909999,27.62,0.68929666,0.07354557,-0.01378938,-0.0050821053,1,Stable,True,Real Estate,0.8357142857142857,original_40_40_20,0.1
2024-12-19,PG,161.24600219726562,True,2025-06-17,2024-12-20,2025-06-17,-0.053844252023392256,-0.04509843391901125,152.9456787109375,0.18630426,-0.088560656,-0.0015915075,0.052165195,-0.01829826,47.898422,0.12551916,0.8507489,0.26200008,0.2909999,27.62,0.68929666,0.07354557,-0.01378938,-0.0050821053,1,Stable,True,Consumer Staples,0.8329670329670329,original_40_40_20,0.1
2024-12-19,DOV,185.95944213867188,True,2025-06-17,2024-12-20,2025-06-17,-0.07330905671410025,-0.06456323860971924,174.25714111328125,0.24641612,0.9455256,0.0028943468,0.0732067,0.0015026886,49.480167,0.14557566,1.0191764,0.26200008,0.2909999,27.62,0.68929666,0.07354557,-0.01378938,-0.0050821053,1,Stable,True,Industrials,0.828021978021978,original_40_40_20,0.1
2024-12-19,TSN,55.284210205078125,True,2025-06-17,2024-12-20,2025-06-17,-0.049103311340974884,-0.04035749323659388,52.88899612426758,0.1620992,-0.07297684,-0.035588443,0.030387068,-0.039213866,48.106327,0.14278999,0.4402445,0.26200008,0.2909999,27.62,0.68929666,0.07354557,-0.01378938,-0.0050821053,1,Stable,True,Consumer Staples,0.820879120879121,original_40_40_20,0.1
2024-12-19,KVUE,20.046592712402344,True,2025-06-17,2024-12-20,2025-06-17,-0.005460212998829579,0.0032856051055514257,20.261367797851562,0.04671596,0.25752103,0.0028822904,0.22620586,0.13477634,46.188496,0.13612786,3.1458802,0.26200008,0.2909999,27.62,0.68929666,0.07354557,-0.01378938,-0.0050821053,1,Stable,True,Consumer Staples,0.9055030823730603,cv_locked_relu_4model,0.1
2024-12-19,BRO,100.88019561767578,True,2025-06-17,2024-12-20,2025-06-17,0.04458604098550624,0.053331859089887246,106.91471862792969,0.450877,0.4669717,-0.007915243,0.15112792,0.071593866,47.86731,0.12794437,2.3100567,0.26200008,0.2909999,27.62,0.68929666,0.07354557,-0.01378938,-0.0050821053,1,Stable,True,Financials,0.8856389394649864,cv_locked_relu_4model,0.1
2024-12-19,LNT,55.12577438354492,True,2025-06-17,2024-12-20,2025-06-17,0.02790768578426918,0.036653503888650185,57.82313919067383,0.17897595,0.025559753,0.0006485713,0.16756412,0.08577124,46.546333,0.117795736,2.7618253,0.26200008,0.2909999,27.62,0.68929666,0.07354557,-0.01378938,-0.0050821053,1,Stable,True,Utilities,0.8737097680936626,cv_locked_relu_4model,0.1
2024-12-19,PNW,79.05487060546875,True,2025-06-17,2024-12-20,2025-06-17,0.057918292338332025,0.06666411044271303,84.68383026123047,0.21783805,0.14411473,-0.022092361,0.14077644,0.06256072,44.641884,0.11165671,2.4771388,0.26200008,0.2909999,27.62,0.68929666,0.07354557,-0.01378938,-0.0050821053,1,Stable,True,Utilities,0.87279716263462,cv_locked_relu_4model,0.1
2024-12-19,WEC,87.9094467163086,True,2025-06-17,2024-12-20,2025-06-17,0.11206743180421111,0.12081324990859212,99.84015655517578,0.16407393,-0.054615073,0.013732376,0.2221771,0.13148539,46.753963,0.09162439,4.598459,0.26200008,0.2909999,27.62,0.68929666,0.07354557,-0.01378938,-0.0050821053,1,Stable,True,Utilities,0.8725820175135689,cv_locked_relu_4model,0.1
2024-12-19,MCD,280.1393127441406,True,2025-06-17,2024-12-20,2025-06-17,0.0014537110351092904,0.010199529139490295,285.385498046875,0.022472188,0.32615003,0.018919269,0.17474653,0.09190401,45.888363,0.12877105,2.6264448,0.26200008,0.2909999,27.62,0.68929666,0.07354557,-0.01378938,-0.0050821053,1,Stable,True,Consumer Discretionary,0.8664815868914449,cv_locked_relu_4model,0.1
2024-12-19,WELL,120.34912872314453,True,2025-06-17,2024-12-20,2025-06-17,0.2208373617988663,0.22958317990324728,149.0074005126953,0.40327165,0.20928033,0.0028303927,0.20295164,0.11562984,47.883904,0.11919862,3.255359,0.26200008,0.2909999,27.62,0.68929666,0.07354557,-0.01378938,-0.0050821053,1,Stable,True,Real Estate,0.8643916513507356,cv_locked_relu_4model,0.1
2024-12-19,CBOE,191.80075073242188,True,2025-06-17,2024-12-20,2025-06-17,0.1745087027250364,0.1832545208294174,224.38446044921875,0.10811004,-0.66956013,-0.03618298,0.13398786,0.056592107,43.589325,0.1501555,1.758544,0.26200008,0.2909999,27.62,0.68929666,0.07354557,-0.01378938,-0.0050821053,1,Stable,True,Financials,0.8635634168652713,cv_locked_relu_4model,0.1
2024-12-19,PODD,256.55999755859375,True,2025-06-17,2024-12-20,2025-06-17,0.13313063567918273,0.14187645378356373,304.3900146484375,0.19547084,0.5684334,0.13122648,0.30791187,0.19928348,57.097687,0.21759655,2.590606,0.26200008,0.2909999,27.62,0.68929666,0.07354557,-0.01378938,-0.0050821053,1,Stable,True,Health Care,0.8634957869338389,cv_locked_relu_4model,0.1
2024-12-19,PGR,220.6712646484375,True,2025-06-17,2024-12-20,2025-06-17,0.12048610771425795,0.12923192581863896,249.45933532714844,0.529929,0.3908415,-0.01108358,0.14541134,0.066615425,45.309433,0.14465044,1.970986,0.26200008,0.2909999,27.62,0.68929666,0.07354557,-0.01378938,-0.0050821053,1,Stable,True,Financials,0.8618091281518984,cv_locked_relu_4model,0.1
2025-06-16,CVS,64.91899108886719,True,2025-12-08,2025-06-17,2025-12-08,0.01819344943309223,0.16257418325475959,74.78206634521484,0.18086767,0.36007467,0.11320452,0.5823995,0.43103683,51.090916,0.19683635,4.896346,0.18400002,-0.013000011,20.82,0.16769488,-0.052092526,0.08310759,0.013572,1,Stable,True,Health Care,1.0,elasticnet,0.1
2025-06-16,NEM,57.508544921875,True,2025-12-08,2025-06-17,2025-12-08,0.38595951828788677,0.5303402521095542,88.61333465576172,0.44854897,0.46460024,0.23459457,0.5866767,0.43373618,59.136665,0.24621259,3.9374413,0.18400002,-0.013000011,20.82,0.16769488,-0.052092526,0.08310759,0.013572,1,Stable,True,Materials,0.9957627118644068,elasticnet,0.1
2025-06-16,PM,175.5621337890625,True,2025-12-08,2025-06-17,2025-12-08,-0.3223468222708167,-0.1779660884491493,144.45188903808594,0.86574775,0.2067766,0.20303275,0.53033835,0.39758334,63.535217,0.15635683,5.7146635,0.18400002,-0.013000011,20.82,0.16769488,-0.052092526,0.08310759,0.013572,1,Stable,True,Consumer Staples,0.9915254237288136,elasticnet,0.1
2025-06-16,DG,110.80335235595703,True,2025-12-08,2025-06-17,2025-12-08,-0.03549299627361656,0.1088877375480508,122.53327941894531,-0.066670164,-0.15933959,0.34148943,0.5598835,0.41670558,64.67495,0.21725748,4.297589,0.18400002,-0.013000011,20.82,0.16769488,-0.052092526,0.08310759,0.013572,1,Stable,True,Consumer Staples,0.9872881355932204,elasticnet,0.1
2025-06-16,VRSN,276.8220520019531,True,2025-12-08,2025-06-17,2025-12-08,-0.25534352052031034,-0.110962786698643,248.62673950195312,0.56529194,0.4345773,0.15399747,0.45702264,0.34848952,59.076733,0.14023213,5.63658,0.18400002,-0.013000011,20.82,0.16769488,-0.052092526,0.08310759,0.013572,1,Stable,True,Information Technology,0.9830508474576272,elasticnet,0.1
2025-06-16,CAH,160.24942016601562,True,2025-12-08,2025-06-17,2025-12-08,0.06924098293393288,0.21362171675560024,197.47586059570312,0.6698268,0.48591116,0.20610946,0.39922318,0.30801168,64.987305,0.14908348,4.731753,0.18400002,-0.013000011,20.82,0.16769488,-0.052092526,0.08310759,0.013572,1,Stable,True,Health Care,0.9788135593220338,elasticnet,0.1
2025-06-16,CTVA,73.47737884521484,True,2025-12-08,2025-06-17,2025-12-08,-0.2627902422166056,-0.11840950839493823,64.79442596435547,0.44390815,0.7165436,0.17926274,0.32781082,0.25562605,63.801727,0.18842037,3.160042,0.18400002,-0.013000011,20.82,0.16769488,-0.052092526,0.08310759,0.013572,1,Stable,True,Materials,0.9745762711864406,elasticnet,0.1
2025-06-16,TTWO,238.60000610351562,True,2025-12-08,2025-06-17,2025-12-08,-0.10328948116389045,0.04109125265777692,247.27999877929688,0.4943321,0.64428705,0.14133966,0.31547028,0.2462887,55.62268,0.22278646,2.584573,0.18400002,-0.013000011,20.82,0.16769488,-0.052092526,0.08310759,0.013572,1,Stable,True,Communication Services,0.9703389830508474,elasticnet,0.1
2025-06-16,COR,289.7464599609375,True,2025-12-08,2025-06-17,2025-12-08,0.011853396772073338,0.1562341305937407,335.81646728515625,0.28193432,-0.010214227,0.10405997,0.29811433,0.23300715,56.355694,0.15211894,3.6018965,0.18400002,-0.013000011,20.82,0.16769488,-0.052092526,0.08310759,0.013572,1,Stable,True,Health Care,0.9661016949152542,elasticnet,0.1
2025-06-16,T,26.44621467590332,True,2025-12-08,2025-06-17,2025-12-08,-0.22726288595653116,-0.08288215213486382,23.976802825927734,0.67111665,0.1937848,0.08209951,0.26830575,0.20977642,51.598526,0.18783596,2.6572766,0.18400002,-0.013000011,20.82,0.16769488,-0.052092526,0.08310759,0.013572,1,Stable,True,Communication Services,0.961864406779661,elasticnet,0.1
2025-06-16,PM,175.5621337890625,True,2025-12-08,2025-06-17,2025-12-08,-0.3223468222708167,-0.1779660884491493,144.45188903808594,0.86574775,0.2067766,0.20303275,0.53033835,0.39758334,63.535217,0.15635683,5.7146635,0.18400002,-0.013000011,20.82,0.16769488,-0.052092526,0.08310759,0.013572,1,Stable,True,Consumer Staples,1.0,base_lgbm,0.1
2025-06-16,CAH,160.24942016601562,True,2025-12-08,2025-06-17,2025-12-08,0.06924098293393288,0.21362171675560024,197.47586059570312,0.6698268,0.48591116,0.20610946,0.39922318,0.30801168,64.987305,0.14908348,4.731753,0.18400002,-0.013000011,20.82,0.16769488,-0.052092526,0.08310759,0.013572,1,Stable,True,Health Care,0.9957627118644068,base_lgbm,0.1
2025-06-16,CTVA,73.47737884521484,True,2025-12-08,2025-06-17,2025-12-08,-0.2627902422166056,-0.11840950839493823,64.79442596435547,0.44390815,0.7165436,0.17926274,0.32781082,0.25562605,63.801727,0.18842037,3.160042,0.18400002,-0.013000011,20.82,0.16769488,-0.052092526,0.08310759,0.013572,1,Stable,True,Materials,0.9915254237288136,base_lgbm,0.1
2025-06-16,VRSN,276.8220520019531,True,2025-12-08,2025-06-17,2025-12-08,-0.25534352052031034,-0.110962786698643,248.62673950195312,0.56529194,0.4345773,0.15399747,0.45702264,0.34848952,59.076733,0.14023213,5.63658,0.18400002,-0.013000011,20.82,0.16769488,-0.052092526,0.08310759,0.013572,1,Stable,True,Information Technology,0.9872881355932204,base_lgbm,0.1
2025-06-16,ACN,306.45086669921875,True,2025-12-08,2025-06-17,2025-12-08,-0.28602448786448154,-0.14164375404281418,261.1192626953125,0.11965593,0.76543754,-0.050953493,-0.14759469,-0.18759869,51.08965,0.22503518,-1.4902365,0.18400002,-0.013000011,20.82,0.16769488,-0.052092526,0.08310759,0.013572,1,Stable,True,Information Technology,0.9830508474576272,base_lgbm,0.1
2025-06-16,IT,409.1199951171875,True,2025-12-08,2025-06-17,2025-12-08,-0.5827517852875412,-0.43837105146587385,227.27999877929688,-0.061134603,0.8386239,-0.11247749,-0.14982754,-0.19022158,47.09503,0.21280965,-1.6017305,0.18400002,-0.013000011,20.82,0.16769488,-0.052092526,0.08310759,0.013572,1,Stable,True,Information Technology,0.9788135593220338,base_lgbm,0.1
2025-06-16,CME,257.49237060546875,True,2025-12-08,2025-06-17,2025-12-08,-0.1369151039677061,0.007465629853961265,261.53839111328125,0.42833853,-0.038448054,0.047614817,0.16871282,0.12799747,51.871834,0.15055652,2.1745741,0.18400002,-0.013000011,20.82,0.16769488,-0.052092526,0.08310759,0.013572,1,Stable,True,Financials,0.972457627118644,base_lgbm,0.1
2025-06-16,CBOE,223.46865844726562,True,2025-12-08,2025-06-17,2025-12-08,-0.021005492581457966,0.12337524124020939,252.0679473876953,0.34087342,-0.088280305,0.057893496,0.16510837,0.12490857,52.29504,0.17451917,1.8388214,0.18400002,-0.013000011,20.82,0.16769488,-0.052092526,0.08310759,0.013572,1,Stable,True,Financials,0.972457627118644,base_lgbm,0.1
2025-06-16,CF,98.11863708496094,True,2025-12-08,2025-06-17,2025-12-08,-0.38150754932466063,-0.23712681550299328,76.14494323730469,0.37243947,0.4914668,0.2109065,0.21635793,0.16795556,67.6111,0.27546915,1.4931194,0.18400002,-0.013000011,20.82,0.16769488,-0.052092526,0.08310759,0.013572,1,Stable,True,Materials,0.9661016949152542,base_lgbm,0.1
2025-06-16,LH,261.2019958496094,True,2025-12-08,2025-06-17,2025-12-08,-0.1372153668368674,0.007165366984799969,258.5787658691406,0.36034933,0.6769174,0.099338576,0.16971377,0.12885354,58.25251,0.16476229,1.9979941,0.18400002,-0.013000011,20.82,0.16769488,-0.052092526,0.08310759,0.013572,1,Stable,True,Health Care,0.961864406779661,base_lgbm,0.1
2025-06-16,PM,175.5621337890625,True,2025-12-08,2025-06-17,2025-12-08,-0.3223468222708167,-0.1779660884491493,144.45188903808594,0.86574775,0.2067766,0.20303275,0.53033835,0.39758334,63.535217,0.15635683,5.7146635,0.18400002,-0.013000011,20.82,0.16769488,-0.052092526,0.08310759,0.013572,1,Stable,True,Consumer Staples,0.9957627118644068,elasticnet_lgbm_equal,0.1
2025-06-16,CAH,160.24942016601562,True,2025-12-08,2025-06-17,2025-12-08,0.06924098293393288,0.21362171675560024,197.47586059570312,0.6698268,0.48591116,0.20610946,0.39922318,0.30801168,64.987305,0.14908348,4.731753,0.18400002,-0.013000011,20.82,0.16769488,-0.052092526,0.08310759,0.013572,1,Stable,True,Health Care,0.9872881355932204,elasticnet_lgbm_equal,0.1
2025-06-16,VRSN,276.8220520019531,True,2025-12-08,2025-06-17,2025-12-08,-0.25534352052031034,-0.110962786698643,248.62673950195312,0.56529194,0.4345773,0.15399747,0.45702264,0.34848952,59.076733,0.14023213,5.63658,0.18400002,-0.013000011,20.82,0.16769488,-0.052092526,0.08310759,0.013572,1,Stable,True,Information Technology,0.9851694915254238,elasticnet_lgbm_equal,0.1
2025-06-16,CTVA,73.47737884521484,True,2025-12-08,2025-06-17,2025-12-08,-0.2627902422166056,-0.11840950839493823,64.79442596435547,0.44390815,0.7165436,0.17926274,0.32781082,0.25562605,63.801727,0.18842037,3.160042,0.18400002,-0.013000011,20.82,0.16769488,-0.052092526,0.08310759,0.013572,1,Stable,True,Materials,0.9830508474576272,elasticnet_lgbm_equal,0.1
2025-06-16,WELL,147.74176025390625,True,2025-12-08,2025-06-17,2025-12-08,0.18936842353051733,0.3337491573521847,198.73849487304688,0.4929768,0.38684493,0.048900284,0.22760972,0.17716344,50.716724,0.16726436,2.5746357,0.18400002,-0.013000011,20.82,0.16769488,-0.052092526,0.08310759,0.013572,1,Stable,True,Real Estate,0.9290254237288136,elasticnet_lgbm_equal,0.1
2025-06-16,ABT,130.3971710205078,True,2025-12-08,2025-06-17,2025-12-08,-0.2131487538857095,-0.06876802006404215,119.8624267578125,0.30960402,0.27919352,0.047830854,0.2038537,0.1576223,55.535896,0.1505796,2.5873919,0.18400002,-0.013000011,20.82,0.16769488,-0.052092526,0.08310759,0.013572,1,Stable,True,Health Care,0.9194915254237288,elasticnet_lgbm_equal,0.1
2025-06-16,WBA,11.4,True,2025-12-08,2025-06-17,2025-12-08,,,,-0.22707078,0.14336957,0.048199557,0.21925133,0.17033148,54.411766,0.31707335,1.3129383,0.18400002,-0.013000011,20.82,0.16769488,-0.052092526,0.08310759,0.013572,1,Stable,True,Unknown,0.9184322033898304,elasticnet_lgbm_equal,0.1
2025-06-16,CF,98.11863708496094,True,2025-12-08,2025-06-17,2025-12-08,-0.38150754932466063,-0.23712681550299328,76.14494323730469,0.37243947,0.4914668,0.2109065,0.21635793,0.16795556,67.6111,0.27546915,1.4931194,0.18400002,-0.013000011,20.82,0.16769488,-0.052092526,0.08310759,0.013572,1,Stable,True,Materials,0.9173728813559322,elasticnet_lgbm_equal,0.1
2025-06-16,CME,257.49237060546875,True,2025-12-08,2025-06-17,2025-12-08,-0.1369151039677061,0.007465629853961265,261.53839111328125,0.42833853,-0.038448054,0.047614817,0.16871282,0.12799747,51.871834,0.15055652,2.1745741,0.18400002,-0.013000011,20.82,0.16769488,-0.052092526,0.08310759,0.013572,1,Stable,True,Financials,0.909957627118644,elasticnet_lgbm_equal,0.1
2025-06-16,HIG,123.69808197021484,True,2025-12-08,2025-06-17,2025-12-08,-0.10228212721832627,0.04209860660334108,128.56761169433594,0.2875221,0.59762543,0.06743307,0.18554164,0.14229423,52.270035,0.17236775,2.0735867,0.18400002,-0.013000011,20.82,0.16769488,-0.052092526,0.08310759,0.013572,1,Stable,True,Financials,0.9088983050847458,elasticnet_lgbm_equal,0.1
2025-06-16,PM,175.5621337890625,True,2025-12-08,2025-06-17,2025-12-08,-0.3223468222708167,-0.1779660884491493,144.45188903808594,0.86574775,0.2067766,0.20303275,0.53033835,0.39758334,63.535217,0.15635683,5.7146635,0.18400002,-0.013000011,20.82,0.16769488,-0.052092526,0.08310759,0.013572,1,Stable,True,Consumer Staples,0.9971751412429377,elasticnet_lgbm_lstm_equal,0.1
2025-06-16,CAH,160.24942016601562,True,2025-12-08,2025-06-17,2025-12-08,0.06924098293393288,0.21362171675560024,197.47586059570312,0.6698268,0.48591116,0.20610946,0.39922318,0.30801168,64.987305,0.14908348,4.731753,0.18400002,-0.013000011,20.82,0.16769488,-0.052092526,0.08310759,0.013572,1,Stable,True,Health Care,0.9901129943502823,elasticnet_lgbm_lstm_equal,0.1
2025-06-16,VRSN,276.8220520019531,True,2025-12-08,2025-06-17,2025-12-08,-0.25534352052031034,-0.110962786698643,248.62673950195312,0.56529194,0.4345773,0.15399747,0.45702264,0.34848952,59.076733,0.14023213,5.63658,0.18400002,-0.013000011,20.82,0.16769488,-0.052092526,0.08310759,0.013572,1,Stable,True,Information Technology,0.9872881355932204,elasticnet_lgbm_lstm_equal,0.1
2025-06-16,CTVA,73.47737884521484,True,2025-12-08,2025-06-17,2025-12-08,-0.2627902422166056,-0.11840950839493823,64.79442596435547,0.44390815,0.7165436,0.17926274,0.32781082,0.25562605,63.801727,0.18842037,3.160042,0.18400002,-0.013000011,20.82,0.16769488,-0.052092526,0.08310759,0.013572,1,Stable,True,Materials,0.9844632768361581,elasticnet_lgbm_lstm_equal,0.1
2025-06-16,ABT,130.3971710205078,True,2025-12-08,2025-06-17,2025-12-08,-0.2131487538857095,-0.06876802006404215,119.8624267578125,0.30960402,0.27919352,0.047830854,0.2038537,0.1576223,55.535896,0.1505796,2.5873919,0.18400002,-0.013000011,20.82,0.16769488,-0.052092526,0.08310759,0.013572,1,Stable,True,Health Care,0.925141242937853,elasticnet_lgbm_lstm_equal,0.1
2025-06-16,CF,98.11863708496094,True,2025-12-08,2025-06-17,2025-12-08,-0.38150754932466063,-0.23712681550299328,76.14494323730469,0.37243947,0.4914668,0.2109065,0.21635793,0.16795556,67.6111,0.27546915,1.4931194,0.18400002,-0.013000011,20.82,0.16769488,-0.052092526,0.08310759,0.013572,1,Stable,True,Materials,0.9223163841807909,elasticnet_lgbm_lstm_equal,0.1
2025-06-16,COR,289.7464599609375,True,2025-12-08,2025-06-17,2025-12-08,0.011853396772073338,0.1562341305937407,335.81646728515625,0.28193432,-0.010214227,0.10405997,0.29811433,0.23300715,56.355694,0.15211894,3.6018965,0.18400002,-0.013000011,20.82,0.16769488,-0.052092526,0.08310759,0.013572,1,Stable,True,Health Care,0.9166666666666666,elasticnet_lgbm_lstm_equal,0.1
2025-06-16,HCA,366.10589599609375,True,2025-12-08,2025-06-17,2025-12-08,0.1605405213440649,0.30492125516573226,482.74249267578125,0.09230216,0.32073608,0.09923674,0.244087,0.1904964,56.355892,0.21880034,2.0961761,0.18400002,-0.013000011,20.82,0.16769488,-0.052092526,0.08310759,0.013572,1,Stable,True,Health Care,0.91454802259887,elasticnet_lgbm_lstm_equal,0.1
2025-06-16,WELL,147.74176025390625,True,2025-12-08,2025-06-17,2025-12-08,0.18936842353051733,0.3337491573521847,198.73849487304688,0.4929768,0.38684493,0.048900284,0.22760972,0.17716344,50.716724,0.16726436,2.5746357,0.18400002,-0.013000011,20.82,0.16769488,-0.052092526,0.08310759,0.013572,1,Stable,True,Real Estate,0.9088983050847457,elasticnet_lgbm_lstm_equal,0.1
2025-06-16,RSG,245.07652282714844,True,2025-12-08,2025-06-17,2025-12-08,-0.2907907241982328,-0.14640999037656544,209.60739135742188,0.34149435,0.35103393,0.06769828,0.22482446,0.17489201,54.172493,0.1256617,3.3890584,0.18400002,-0.013000011,20.82,0.16769488,-0.052092526,0.08310759,0.013572,1,Stable,True,Industrials,0.9032485875706215,elasticnet_lgbm_lstm_equal,0.1
2025-06-16,WEC,99.88810729980469,True,2025-12-08,2025-06-17,2025-12-08,-0.12162593219745862,0.022754801624208728,102.11199951171875,0.3603468,0.1316488,0.01327847,0.13626136,0.09983783,49.323963,0.13448474,1.9947325,0.18400002,-0.013000011,20.82,0.16769488,-0.052092526,0.08310759,0.013572,1,Stable,True,Utilities,0.8567796610169492,original_40_40_20,0.1
2025-06-16,AEP,98.03538513183594,True,2025-12-08,2025-06-17,2025-12-08,0.012913488166905546,0.1572942219885729,113.13292694091797,0.20215623,0.044676438,0.0072760563,0.13744877,0.10088231,49.078342,0.14899614,1.8151776,0.18400002,-0.013000011,20.82,0.16769488,-0.052092526,0.08310759,0.013572,1,Stable,True,Utilities,0.8347457627118645,original_40_40_20,0.1
2025-06-16,PM,175.5621337890625,True,2025-12-08,2025-06-17,2025-12-08,-0.3223468222708167,-0.1779660884491493,144.45188903808594,0.86574775,0.2067766,0.20303275,0.53033835,0.39758334,63.535217,0.15635683,5.7146635,0.18400002,-0.013000011,20.82,0.16769488,-0.052092526,0.08310759,0.013572,1,Stable,True,Consumer Staples,0.828813559322034,original_40_40_20,0.1
2025-06-16,ANSS,338.97,True,2025-12-08,2025-06-17,2025-12-08,,,,0.038542848,0.9068288,0.02341843,0.013423822,-0.01457101,53.171288,0.19594684,0.14290862,0.18400002,-0.013000011,20.82,0.16769488,-0.052092526,0.08310759,0.013572,1,Stable,True,Unknown,0.8288135593220339,original_40_40_20,0.1
2025-06-16,NSC,246.55979919433594,True,2025-12-08,2025-06-17,2025-12-08,0.037016582252471536,0.1813973160741389,289.3095397949219,0.15039471,0.8363385,0.064322814,0.10599888,0.07284336,54.869118,0.19241817,1.0995462,0.18400002,-0.013000011,20.82,0.16769488,-0.052092526,0.08310759,0.013572,1,Stable,True,Industrials,0.8152542372881357,original_40_40_20,0.1
2025-06-16,ATO,147.82662963867188,True,2025-12-08,2025-06-17,2025-12-08,-0.03536654612488442,0.10901418769678294,164.2222137451172,0.33961132,0.18518445,0.021811169,0.114562415,0.08055635,51.748077,0.13547595,1.6812574,0.18400002,-0.013000011,20.82,0.16769488,-0.052092526,0.08310759,0.013572,1,Stable,True,Utilities,0.8127118644067799,original_40_40_20,0.1
2025-06-16,EXC,41.19367218017578,True,2025-12-08,2025-06-17,2025-12-08,-0.10409869042894179,0.040282043392725564,42.56186294555664,0.27623746,0.0071480265,0.0052398206,0.16863808,0.1279335,48.31539,0.1444857,2.265013,0.18400002,-0.013000011,20.82,0.16769488,-0.052092526,0.08310759,0.013572,1,Stable,True,Utilities,0.8101694915254238,original_40_40_20,0.1
2025-06-16,CTVA,73.47737884521484,True,2025-12-08,2025-06-17,2025-12-08,-0.2627902422166056,-0.11840950839493823,64.79442596435547,0.44390815,0.7165436,0.17926274,0.32781082,0.25562605,63.801727,0.18842037,3.160042,0.18400002,-0.013000011,20.82,0.16769488,-0.052092526,0.08310759,0.013572,1,Stable,True,Materials,0.8076271186440678,original_40_40_20,0.1
2025-06-16,KMB,124.5709228515625,True,2025-12-08,2025-06-17,2025-12-08,-0.3369406912850055,-0.1925599574633381,99.24417114257812,0.001383055,0.119670115,-0.023336831,0.012367834,-0.015613553,45.65186,0.15868165,0.16267258,0.18400002,-0.013000011,20.82,0.16769488,-0.052092526,0.08310759,0.013572,1,Stable,True,Consumer Staples,0.7974576271186442,original_40_40_20,0.1
2025-06-16,CTSH,78.03421783447266,True,2025-12-08,2025-06-17,2025-12-08,-0.12288171377123855,0.021499020050428804,79.27428436279297,0.22729588,0.88165283,0.018036975,0.015626876,-0.012399497,52.295227,0.19208287,0.16952407,0.18400002,-0.013000011,20.82,0.16769488,-0.052092526,0.08310759,0.013572,1,Stable,True,Information Technology,0.793220338983051,original_40_40_20,0.1
2025-06-16,CTVA,73.47737884521484,True,2025-12-08,2025-06-17,2025-12-08,-0.2627902422166056,-0.11840950839493823,64.79442596435547,0.44390815,0.7165436,0.17926274,0.32781082,0.25562605,63.801727,0.18842037,3.160042,0.18400002,-0.013000011,20.82,0.16769488,-0.052092526,0.08310759,0.013572,1,Stable,True,Materials,0.9149324392787915,cv_locked_relu_4model,0.1
2025-06-16,PGR,250.07882690429688,True,2025-12-08,2025-06-17,2025-12-08,-0.3040404764767881,-0.15965974265512073,209.63072204589844,0.34306633,0.3702684,0.00092036225,0.13326412,0.09719654,48.62566,0.20987871,1.2517437,0.18400002,-0.013000011,20.82,0.16769488,-0.052092526,0.08310759,0.013572,1,Stable,True,Financials,0.8966500017323474,cv_locked_relu_4model,0.1
2025-06-16,EBAY,76.72489929199219,True,2025-12-08,2025-06-17,2025-12-08,-0.0538174858585829,0.09056324796308446,83.3395767211914,0.4865492,0.569963,0.14980815,0.22556384,0.17549548,63.258522,0.22760044,1.8767192,0.18400002,-0.013000011,20.82,0.16769488,-0.052092526,0.08310759,0.013572,1,Stable,True,Consumer Discretionary,0.8877846880572158,cv_locked_relu_4model,0.1
2025-06-16,AEP,98.03538513183594,True,2025-12-08,2025-06-17,2025-12-08,0.012913488166905546,0.1572942219885729,113.13292694091797,0.20215623,0.044676438,0.0072760563,0.13744877,0.10088231,49.078342,0.14899614,1.8151776,0.18400002,-0.013000011,20.82,0.16769488,-0.052092526,0.08310759,0.013572,1,Stable,True,Utilities,0.8803872355383906,cv_locked_relu_4model,0.1
2025-06-16,ETR,79.2175064086914,True,2025-12-08,2025-06-17,2025-12-08,0.018146285747119767,0.16252701956878712,91.24739074707031,0.5724699,0.5004688,0.0024985722,0.113254175,0.07938188,48.271553,0.18772331,1.2001897,0.18400002,-0.013000011,20.82,0.16769488,-0.052092526,0.08310759,0.013572,1,Stable,True,Utilities,0.8740287086124999,cv_locked_relu_4model,0.1
2025-06-16,WEC,99.88810729980469,True,2025-12-08,2025-06-17,2025-12-08,-0.12162593219745862,0.022754801624208728,102.11199951171875,0.3603468,0.1316488,0.01327847,0.13626136,0.09983783,49.323963,0.13448474,1.9947325,0.18400002,-0.013000011,20.82,0.16769488,-0.052092526,0.08310759,0.013572,1,Stable,True,Utilities,0.8486864227191544,cv_locked_relu_4model,0.1
2025-06-16,LKQ,36.08466339111328,True,2025-12-08,2025-06-17,2025-12-08,-0.35180587261970325,-0.2074251387980359,27.930665969848633,-0.06030245,0.5258536,-0.035505947,0.07182359,0.041455954,46.204494,0.23996194,0.6070093,0.18400002,-0.013000011,20.82,0.16769488,-0.052092526,0.08310759,0.013572,1,Stable,True,Unknown,0.8482449098703262,cv_locked_relu_4model,0.1
2025-06-16,BSX,101.48999786376953,True,2025-12-08,2025-06-17,2025-12-08,-0.2219390426655175,-0.07755830884385016,93.83999633789062,0.31107083,0.7993833,0.01386246,0.14471006,0.10724585,49.385395,0.20608957,1.3771579,0.18400002,-0.013000011,20.82,0.16769488,-0.052092526,0.08310759,0.013572,1,Stable,True,Health Care,0.8388109641183841,cv_locked_relu_4model,0.1
2025-06-16,LHX,243.81741333007812,True,2025-12-08,2025-06-17,2025-12-08,-0.011990284588868388,0.13239044923279897,279.5397644042969,0.15452528,0.40466052,0.1482879,0.18858637,0.14485915,63.35163,0.14942448,2.4280214,0.18400002,-0.013000011,20.82,0.16769488,-0.052092526,0.08310759,0.013572,1,Stable,True,Industrials,0.833699760865893,cv_locked_relu_4model,0.1
2025-06-16,AEE,92.18343353271484,True,2025-12-08,2025-06-17,2025-12-08,-0.08451343729557445,0.0598672965260929,97.25910186767578,0.39275235,0.27656856,-0.0064462763,0.08620477,0.054784223,46.711403,0.15236346,1.139699,0.18400002,-0.013000011,20.82,0.16769488,-0.052092526,0.08310759,0.013572,1,Stable,True,Utilities,0.8258191306341155,cv_locked_relu_4model,0.1
2025-12-05,INCY,102.5199966430664,True,2026-06-02,2025-12-08,2026-06-02,-0.15760510365637337,-0.04612201887513845,92.23999786376953,0.42329583,0.52046114,0.2064973,0.43948323,0.23432447,62.26467,0.17500068,4.371393,0.4959998,0.12699986,15.78,-0.123820126,0.012298768,-0.06488411,0.013318216,1,Stable,True,Health Care,1.0,elasticnet,0.1
2025-12-05,BIIB,181.3000030517578,True,2026-06-02,2025-12-08,2026-06-02,-0.06498563811680746,0.04649744666442747,188.8300018310547,0.12713706,0.29162315,0.25994724,0.3835471,0.19469087,64.28067,0.17640294,3.8648233,0.4959998,0.12699986,15.78,-0.123820126,0.012298768,-0.06488411,0.013318216,1,Stable,True,Health Care,0.9960629921259843,elasticnet,0.1
2025-12-05,REGN,715.59130859375,True,2026-06-02,2025-12-08,2026-06-02,-0.2518481128589104,-0.14036502807767548,602.216796875,-0.036321938,0.22740622,0.20809557,0.3781909,0.19081199,60.601562,0.19681515,3.4226053,0.4959998,0.12699986,15.78,-0.123820126,0.012298768,-0.06488411,0.013318216,1,Stable,True,Health Care,0.9921259842519685,elasticnet,0.1
2025-12-05,WELL,202.1319122314453,True,2026-06-02,2025-12-08,2026-06-02,-0.13222978988205783,-0.020746705100822885,194.61532592773438,0.56487924,0.062723875,0.19342075,0.36814338,0.18349493,68.342865,0.10527793,6.2525425,0.4959998,0.12699986,15.78,-0.123820126,0.012298768,-0.06488411,0.013318216,1,Stable,True,Real Estate,0.9881889763779528,elasticnet,0.1
2025-12-05,ROST,176.74285888671875,True,2026-06-02,2025-12-08,2026-06-02,0.15012876348407073,0.26161184826530565,223.38204956054688,0.17004019,0.8166426,0.19481058,0.35986707,0.17742725,68.8717,0.10653148,6.05936,0.4959998,0.12699986,15.78,-0.123820126,0.012298768,-0.06488411,0.013318216,1,Stable,True,Consumer Discretionary,0.984251968503937,elasticnet,0.1
2025-12-05,UHS,230.53770446777344,True,2026-06-02,2025-12-08,2026-06-02,-0.4804811494928995,-0.3689980647116646,142.35360717773438,0.16987589,0.5461731,0.18566477,0.35903308,0.17681378,63.880608,0.18302527,3.5198655,0.4959998,0.12699986,15.78,-0.123820126,0.012298768,-0.06488411,0.013318216,1,Stable,True,Health Care,0.9803149606299213,elasticnet,0.1
2025-12-05,EA,203.5356516679,True,2026-06-02,2025-12-08,2026-06-02,-0.11707701513873393,-0.005593930357499,202.01,0.22180079,0.22325604,0.14288004,0.35231867,0.17186095,76.2202,0.1194217,5.3074393,0.4959998,0.12699986,15.78,-0.123820126,0.012298768,-0.06488411,0.013318216,1,Stable,True,Communication Services,0.9763779527559056,elasticnet,0.1
2025-12-05,HII,302.325439453125,True,2026-06-02,2025-12-08,2026-06-02,-0.17489346529198924,-0.06341038051075432,293.6600036621094,0.624601,0.65071964,0.10248818,0.3409706,0.16343397,57.062004,0.14861569,4.1457715,0.4959998,0.12699986,15.78,-0.123820126,0.012298768,-0.06488411,0.013318216,1,Stable,True,Industrials,0.9724409448818898,elasticnet,0.1
2025-12-05,EXPD,150.6934356689453,True,2026-06-02,2025-12-08,2026-06-02,-0.03965909394577173,0.0718239908354632,157.8699951171875,0.26623186,0.51664984,0.2360727,0.3228055,0.14979516,64.35708,0.14666903,4.0055165,0.4959998,0.12699986,15.78,-0.123820126,0.012298768,-0.06488411,0.013318216,1,Stable,True,Industrials,0.968503937007874,elasticnet,0.1
2025-12-05,HCA,484.2848205566406,True,2026-06-02,2025-12-08,2026-06-02,-0.3520403788771502,-0.24055729409591525,366.6152648925781,0.5001684,0.17873064,0.1728348,0.32279983,0.14979088,65.56051,0.15992008,3.673561,0.4959998,0.12699986,15.78,-0.123820126,0.012298768,-0.06488411,0.013318216,1,Stable,True,Health Care,0.9645669291338582,elasticnet,0.1
2025-12-05,EA,203.5356516679,True,2026-06-02,2025-12-08,2026-06-02,-0.11707701513873393,-0.005593930357499,202.01,0.22180079,0.22325604,0.14288004,0.35231867,0.17186095,76.2202,0.1194217,5.3074393,0.4959998,0.12699986,15.78,-0.123820126,0.012298768,-0.06488411,0.013318216,1,Stable,True,Communication Services,1.0,base_lgbm,0.1
2025-12-05,JNJ,198.73348999023438,True,2026-06-02,2025-12-08,2026-06-02,0.0062809181338225745,0.11776400291505751,221.79611206054688,0.36591762,0.057329513,0.1388942,0.31879714,0.14676036,67.59367,0.07938517,7.32016,0.4959998,0.12699986,15.78,-0.123820126,0.012298768,-0.06488411,0.013318216,1,Stable,True,Health Care,0.9960629921259843,base_lgbm,0.1
2025-12-05,VTR,79.14527893066406,True,2026-06-02,2025-12-08,2026-06-02,-0.10978314848087957,0.0016999363003553643,79.66339111328125,0.32246152,-0.2273852,0.16314831,0.30209258,0.13401295,69.96643,0.08764455,6.324895,0.4959998,0.12699986,15.78,-0.123820126,0.012298768,-0.06488411,0.013318216,1,Stable,True,Real Estate,0.9921259842519685,base_lgbm,0.1
2025-12-05,ROST,176.74285888671875,True,2026-06-02,2025-12-08,2026-06-02,0.15012876348407073,0.26161184826530565,223.38204956054688,0.17004019,0.8166426,0.19481058,0.35986707,0.17742725,68.8717,0.10653148,6.05936,0.4959998,0.12699986,15.78,-0.123820126,0.012298768,-0.06488411,0.013318216,1,Stable,True,Consumer Discretionary,0.9862204724409449,base_lgbm,0.1
2025-12-05,WELL,202.1319122314453,True,2026-06-02,2025-12-08,2026-06-02,-0.13222978988205783,-0.020746705100822885,194.61532592773438,0.56487924,0.062723875,0.19342075,0.36814338,0.18349493,68.342865,0.10527793,6.2525425,0.4959998,0.12699986,15.78,-0.123820126,0.012298768,-0.06488411,0.013318216,1,Stable,True,Real Estate,0.9862204724409449,base_lgbm,0.1
2025-12-05,CAH,197.42620849609375,True,2026-06-02,2025-12-08,2026-06-02,-0.12677178777088594,-0.015288702989651013,194.4567108154297,0.6361526,-0.3192283,0.19676429,0.23199327,0.078673705,70.377464,0.16939846,2.586388,0.4959998,0.12699986,15.78,-0.123820126,0.012298768,-0.06488411,0.013318216,1,Stable,True,Health Care,0.9803149606299213,base_lgbm,0.1
2025-12-05,NEE,81.96663665771484,True,2026-06-02,2025-12-08,2026-06-02,-0.04054302254550969,0.07094006223572524,85.05699920654297,0.12364811,0.23564765,0.08883668,0.1431296,0.0038100656,63.957947,0.16000319,1.7556932,0.4959998,0.12699986,15.78,-0.123820126,0.012298768,-0.06488411,0.013318216,1,Stable,True,Utilities,0.9763779527559056,base_lgbm,0.1
2025-12-05,HII,302.325439453125,True,2026-06-02,2025-12-08,2026-06-02,-0.17489346529198924,-0.06341038051075432,293.6600036621094,0.624601,0.65071964,0.10248818,0.3409706,0.16343397,57.062004,0.14861569,4.1457715,0.4959998,0.12699986,15.78,-0.123820126,0.012298768,-0.06488411,0.013318216,1,Stable,True,Industrials,0.9724409448818898,base_lgbm,0.1
2025-12-05,HCA,484.2848205566406,True,2026-06-02,2025-12-08,2026-06-02,-0.3520403788771502,-0.24055729409591525,366.6152648925781,0.5001684,0.17873064,0.1728348,0.32279983,0.14979088,65.56051,0.15992008,3.673561,0.4959998,0.12699986,15.78,-0.123820126,0.012298768,-0.06488411,0.013318216,1,Stable,True,Health Care,0.968503937007874,base_lgbm,0.1
2025-12-05,DG,130.52008056640625,True,2026-06-02,2025-12-08,2026-06-02,-0.248609391123643,-0.13712630634240808,105.73074340820312,0.7181669,0.2601767,0.2365217,0.17794342,0.033810355,63.51578,0.19032991,1.8069526,0.4959998,0.12699986,15.78,-0.123820126,0.012298768,-0.06488411,0.013318216,1,Stable,True,Consumer Staples,0.9645669291338582,base_lgbm,0.1
2025-12-05,EA,203.5356516679,True,2026-06-02,2025-12-08,2026-06-02,-0.11707701513873393,-0.005593930357499,202.01,0.22180079,0.22325604,0.14288004,0.35231867,0.17186095,76.2202,0.1194217,5.3074393,0.4959998,0.12699986,15.78,-0.123820126,0.012298768,-0.06488411,0.013318216,1,Stable,True,Communication Services,0.9881889763779528,elasticnet_lgbm_equal,0.1
2025-12-05,WELL,202.1319122314453,True,2026-06-02,2025-12-08,2026-06-02,-0.13222978988205783,-0.020746705100822885,194.61532592773438,0.56487924,0.062723875,0.19342075,0.36814338,0.18349493,68.342865,0.10527793,6.2525425,0.4959998,0.12699986,15.78,-0.123820126,0.012298768,-0.06488411,0.013318216,1,Stable,True,Real Estate,0.9872047244094488,elasticnet_lgbm_equal,0.1
2025-12-05,ROST,176.74285888671875,True,2026-06-02,2025-12-08,2026-06-02,0.15012876348407073,0.26161184826530565,223.38204956054688,0.17004019,0.8166426,0.19481058,0.35986707,0.17742725,68.8717,0.10653148,6.05936,0.4959998,0.12699986,15.78,-0.123820126,0.012298768,-0.06488411,0.013318216,1,Stable,True,Consumer Discretionary,0.985236220472441,elasticnet_lgbm_equal,0.1
2025-12-05,JNJ,198.73348999023438,True,2026-06-02,2025-12-08,2026-06-02,0.0062809181338225745,0.11776400291505751,221.79611206054688,0.36591762,0.057329513,0.1388942,0.31879714,0.14676036,67.59367,0.07938517,7.32016,0.4959998,0.12699986,15.78,-0.123820126,0.012298768,-0.06488411,0.013318216,1,Stable,True,Health Care,0.9783464566929134,elasticnet_lgbm_equal,0.1
2025-12-05,VTR,79.14527893066406,True,2026-06-02,2025-12-08,2026-06-02,-0.10978314848087957,0.0016999363003553643,79.66339111328125,0.32246152,-0.2273852,0.16314831,0.30209258,0.13401295,69.96643,0.08764455,6.324895,0.4959998,0.12699986,15.78,-0.123820126,0.012298768,-0.06488411,0.013318216,1,Stable,True,Real Estate,0.9744094488188977,elasticnet_lgbm_equal,0.1
2025-12-05,HII,302.325439453125,True,2026-06-02,2025-12-08,2026-06-02,-0.17489346529198924,-0.06341038051075432,293.6600036621094,0.624601,0.65071964,0.10248818,0.3409706,0.16343397,57.062004,0.14861569,4.1457715,0.4959998,0.12699986,15.78,-0.123820126,0.012298768,-0.06488411,0.013318216,1,Stable,True,Industrials,0.9724409448818898,elasticnet_lgbm_equal,0.1
2025-12-05,HCA,484.2848205566406,True,2026-06-02,2025-12-08,2026-06-02,-0.3520403788771502,-0.24055729409591525,366.6152648925781,0.5001684,0.17873064,0.1728348,0.32279983,0.14979088,65.56051,0.15992008,3.673561,0.4959998,0.12699986,15.78,-0.123820126,0.012298768,-0.06488411,0.013318216,1,Stable,True,Health Care,0.9665354330708661,elasticnet_lgbm_equal,0.1
2025-12-05,UHS,230.53770446777344,True,2026-06-02,2025-12-08,2026-06-02,-0.4804811494928995,-0.3689980647116646,142.35360717773438,0.16987589,0.5461731,0.18566477,0.35903308,0.17681378,63.880608,0.18302527,3.5198655,0.4959998,0.12699986,15.78,-0.123820126,0.012298768,-0.06488411,0.013318216,1,Stable,True,Health Care,0.9606299212598426,elasticnet_lgbm_equal,0.1
2025-12-05,CAH,197.42620849609375,True,2026-06-02,2025-12-08,2026-06-02,-0.12677178777088594,-0.015288702989651013,194.4567108154297,0.6361526,-0.3192283,0.19676429,0.23199327,0.078673705,70.377464,0.16939846,2.586388,0.4959998,0.12699986,15.78,-0.123820126,0.012298768,-0.06488411,0.013318216,1,Stable,True,Health Care,0.9527559055118111,elasticnet_lgbm_equal,0.1
2025-12-05,SRE,88.74612426757812,True,2026-06-02,2025-12-08,2026-06-02,-0.08117375885519774,0.03030932592603719,88.91456604003906,0.01710611,0.47085184,0.07297245,0.2483936,0.09189789,59.12306,0.109578125,4.2517695,0.4959998,0.12699986,15.78,-0.123820126,0.012298768,-0.06488411,0.013318216,1,Stable,True,Utilities,0.9448818897637795,elasticnet_lgbm_equal,0.1
2025-12-05,EA,203.5356516679,True,2026-06-02,2025-12-08,2026-06-02,-0.11707701513873393,-0.005593930357499,202.01,0.22180079,0.22325604,0.14288004,0.35231867,0.17186095,76.2202,0.1194217,5.3074393,0.4959998,0.12699986,15.78,-0.123820126,0.012298768,-0.06488411,0.013318216,1,Stable,True,Communication Services,0.9921259842519685,elasticnet_lgbm_lstm_equal,0.1
2025-12-05,WELL,202.1319122314453,True,2026-06-02,2025-12-08,2026-06-02,-0.13222978988205783,-0.020746705100822885,194.61532592773438,0.56487924,0.062723875,0.19342075,0.36814338,0.18349493,68.342865,0.10527793,6.2525425,0.4959998,0.12699986,15.78,-0.123820126,0.012298768,-0.06488411,0.013318216,1,Stable,True,Real Estate,0.9875328083989501,elasticnet_lgbm_lstm_equal,0.1
2025-12-05,ROST,176.74285888671875,True,2026-06-02,2025-12-08,2026-06-02,0.15012876348407073,0.26161184826530565,223.38204956054688,0.17004019,0.8166426,0.19481058,0.35986707,0.17742725,68.8717,0.10653148,6.05936,0.4959998,0.12699986,15.78,-0.123820126,0.012298768,-0.06488411,0.013318216,1,Stable,True,Consumer Discretionary,0.9849081364829396,elasticnet_lgbm_lstm_equal,0.1
2025-12-05,JNJ,198.73348999023438,True,2026-06-02,2025-12-08,2026-06-02,0.0062809181338225745,0.11776400291505751,221.79611206054688,0.36591762,0.057329513,0.1388942,0.31879714,0.14676036,67.59367,0.07938517,7.32016,0.4959998,0.12699986,15.78,-0.123820126,0.012298768,-0.06488411,0.013318216,1,Stable,True,Health Care,0.9829396325459318,elasticnet_lgbm_lstm_equal,0.1
2025-12-05,HII,302.325439453125,True,2026-06-02,2025-12-08,2026-06-02,-0.17489346529198924,-0.06341038051075432,293.6600036621094,0.624601,0.65071964,0.10248818,0.3409706,0.16343397,57.062004,0.14861569,4.1457715,0.4959998,0.12699986,15.78,-0.123820126,0.012298768,-0.06488411,0.013318216,1,Stable,True,Industrials,0.9750656167979003,elasticnet_lgbm_lstm_equal,0.1
2025-12-05,HCA,484.2848205566406,True,2026-06-02,2025-12-08,2026-06-02,-0.3520403788771502,-0.24055729409591525,366.6152648925781,0.5001684,0.17873064,0.1728348,0.32279983,0.14979088,65.56051,0.15992008,3.673561,0.4959998,0.12699986,15.78,-0.123820126,0.012298768,-0.06488411,0.013318216,1,Stable,True,Health Care,0.968503937007874,elasticnet_lgbm_lstm_equal,0.1
2025-12-05,VTR,79.14527893066406,True,2026-06-02,2025-12-08,2026-06-02,-0.10978314848087957,0.0016999363003553643,79.66339111328125,0.32246152,-0.2273852,0.16314831,0.30209258,0.13401295,69.96643,0.08764455,6.324895,0.4959998,0.12699986,15.78,-0.123820126,0.012298768,-0.06488411,0.013318216,1,Stable,True,Real Estate,0.968503937007874,elasticnet_lgbm_lstm_equal,0.1
2025-12-05,UHS,230.53770446777344,True,2026-06-02,2025-12-08,2026-06-02,-0.4804811494928995,-0.3689980647116646,142.35360717773438,0.16987589,0.5461731,0.18566477,0.35903308,0.17681378,63.880608,0.18302527,3.5198655,0.4959998,0.12699986,15.78,-0.123820126,0.012298768,-0.06488411,0.013318216,1,Stable,True,Health Care,0.9619422572178477,elasticnet_lgbm_lstm_equal,0.1
2025-12-05,CAH,197.42620849609375,True,2026-06-02,2025-12-08,2026-06-02,-0.12677178777088594,-0.015288702989651013,194.4567108154297,0.6361526,-0.3192283,0.19676429,0.23199327,0.078673705,70.377464,0.16939846,2.586388,0.4959998,0.12699986,15.78,-0.123820126,0.012298768,-0.06488411,0.013318216,1,Stable,True,Health Care,0.9553805774278215,elasticnet_lgbm_lstm_equal,0.1
2025-12-05,SRE,88.74612426757812,True,2026-06-02,2025-12-08,2026-06-02,-0.08117375885519774,0.03030932592603719,88.91456604003906,0.01710611,0.47085184,0.07297245,0.2483936,0.09189789,59.12306,0.109578125,4.2517695,0.4959998,0.12699986,15.78,-0.123820126,0.012298768,-0.06488411,0.013318216,1,Stable,True,Utilities,0.9422572178477691,elasticnet_lgbm_lstm_equal,0.1
2025-12-05,VTR,79.14527893066406,True,2026-06-02,2025-12-08,2026-06-02,-0.10978314848087957,0.0016999363003553643,79.66339111328125,0.32246152,-0.2273852,0.16314831,0.30209258,0.13401295,69.96643,0.08764455,6.324895,0.4959998,0.12699986,15.78,-0.123820126,0.012298768,-0.06488411,0.013318216,1,Stable,True,Real Estate,0.9755905511811025,original_40_40_20,0.1
2025-12-05,EA,203.5356516679,True,2026-06-02,2025-12-08,2026-06-02,-0.11707701513873393,-0.005593930357499,202.01,0.22180079,0.22325604,0.14288004,0.35231867,0.17186095,76.2202,0.1194217,5.3074393,0.4959998,0.12699986,15.78,-0.123820126,0.012298768,-0.06488411,0.013318216,1,Stable,True,Communication Services,0.946456692913386,original_40_40_20,0.1
2025-12-05,COR,337.6455993652344,True,2026-06-02,2025-12-08,2026-06-02,-0.32436437904114,-0.21288129425990507,264.3274230957031,0.3688505,-0.14319889,0.08893158,0.16531397,0.023030853,62.127766,0.15741669,2.0409539,0.4959998,0.12699986,15.78,-0.123820126,0.012298768,-0.06488411,0.013318216,1,Stable,True,Health Care,0.926771653543307,original_40_40_20,0.1
2025-12-05,ADM,57.81796646118164,True,2026-06-02,2025-12-08,2026-06-02,0.33189461324516034,0.44337769802639526,81.93994140625,0.15314206,-0.11929277,0.014367166,0.10815656,-0.027261823,48.0816,0.16988145,1.2695062,0.4959998,0.12699986,15.78,-0.123820126,0.012298768,-0.06488411,0.013318216,1,Stable,True,Consumer Staples,0.9110236220472442,original_40_40_20,0.1
2025-12-05,JNJ,198.73348999023438,True,2026-06-02,2025-12-08,2026-06-02,0.0062809181338225745,0.11776400291505751,221.79611206054688,0.36591762,0.057329513,0.1388942,0.31879714,0.14676036,67.59367,0.07938517,7.32016,0.4959998,0.12699986,15.78,-0.123820126,0.012298768,-0.06488411,0.013318216,1,Stable,True,Health Care,0.9039370078740159,original_40_40_20,0.1
2025-12-05,CAH,197.42620849609375,True,2026-06-02,2025-12-08,2026-06-02,-0.12677178777088594,-0.015288702989651013,194.4567108154297,0.6361526,-0.3192283,0.19676429,0.23199327,0.078673705,70.377464,0.16939846,2.586388,0.4959998,0.12699986,15.78,-0.123820126,0.012298768,-0.06488411,0.013318216,1,Stable,True,Health Care,0.9007874015748032,original_40_40_20,0.1
2025-12-05,HOLX,74.97,True,2026-06-02,2025-12-08,2026-06-02,,,,-0.03227056,0.21824193,0.09253,0.15019944,0.009975655,63.064453,0.12563199,2.3390877,0.4959998,0.12699986,15.78,-0.123820126,0.012298768,-0.06488411,0.013318216,1,Stable,True,Unknown,0.8960629921259844,original_40_40_20,0.1
2025-12-05,MDT,98.9128189086914,True,2026-06-02,2025-12-08,2026-06-02,-0.3718144551611448,-0.2603313703799099,73.09053802490234,0.22146714,0.3519969,0.09068676,0.17126153,0.0281217,57.821262,0.11005758,3.016339,0.4959998,0.12699986,15.78,-0.123820126,0.012298768,-0.06488411,0.013318216,1,Stable,True,Health Care,0.894488188976378,original_40_40_20,0.1
2025-12-05,ORLY,98.88999938964844,True,2026-06-02,2025-12-08,2026-06-02,-0.23257163008254356,-0.12108854530130864,86.2300033569336,0.18859126,-0.12995276,-0.0034799513,0.12221966,-0.014651143,44.8769,0.12758528,1.8979305,0.4959998,0.12699986,15.78,-0.123820126,0.012298768,-0.06488411,0.013318216,1,Stable,True,Consumer Discretionary,0.8866141732283466,original_40_40_20,0.1
2025-12-05,TJX,151.86968994140625,True,2026-06-02,2025-12-08,2026-06-02,-0.10556754221058774,0.005915542570647192,153.20660400390625,0.2439278,0.15597095,0.12309176,0.2409373,0.08590727,60.325336,0.08883726,5.1028214,0.4959998,0.12699986,15.78,-0.123820126,0.012298768,-0.06488411,0.013318216,1,Stable,True,Consumer Discretionary,0.877952755905512,original_40_40_20,0.1
2025-12-05,EA,203.5356516679,True,2026-06-02,2025-12-08,2026-06-02,-0.11707701513873393,-0.005593930357499,202.01,0.22180079,0.22325604,0.14288004,0.35231867,0.17186095,76.2202,0.1194217,5.3074393,0.4959998,0.12699986,15.78,-0.123820126,0.012298768,-0.06488411,0.013318216,1,Stable,True,Communication Services,0.9921231854465409,cv_locked_relu_4model,0.1
2025-12-05,JNJ,198.73348999023438,True,2026-06-02,2025-12-08,2026-06-02,0.0062809181338225745,0.11776400291505751,221.79611206054688,0.36591762,0.057329513,0.1388942,0.31879714,0.14676036,67.59367,0.07938517,7.32016,0.4959998,0.12699986,15.78,-0.123820126,0.012298768,-0.06488411,0.013318216,1,Stable,True,Health Care,0.9714972096461494,cv_locked_relu_4model,0.1
2025-12-05,VLO,171.59983825683594,True,2026-06-02,2025-12-08,2026-06-02,0.39274629093418123,0.5042293757154162,257.2657775878906,0.30664548,0.5285177,0.1204267,0.28245163,0.118813865,53.821438,0.20105955,2.5983572,0.4959998,0.12699986,15.78,-0.123820126,0.012298768,-0.06488411,0.013318216,1,Stable,True,Energy,0.9654138495133197,cv_locked_relu_4model,0.1
2025-12-05,VTR,79.14527893066406,True,2026-06-02,2025-12-08,2026-06-02,-0.10978314848087957,0.0016999363003553643,79.66339111328125,0.32246152,-0.2273852,0.16314831,0.30209258,0.13401295,69.96643,0.08764455,6.324895,0.4959998,0.12699986,15.78,-0.123820126,0.012298768,-0.06488411,0.013318216,1,Stable,True,Real Estate,0.9617560909864302,cv_locked_relu_4model,0.1
2025-12-05,RTX,169.26390075683594,True,2026-06-02,2025-12-08,2026-06-02,-0.08788772041966576,0.02359536436156917,173.6830291748047,0.47578314,0.55049235,0.06990029,0.17801969,0.0338751,56.774296,0.13379143,2.571563,0.4959998,0.12699986,15.78,-0.123820126,0.012298768,-0.06488411,0.013318216,1,Stable,True,Industrials,0.9507983612764987,cv_locked_relu_4model,0.1
2025-12-05,BF-B,29.86168098449707,True,2026-06-02,2025-12-08,2026-06-02,-0.27665123624539145,-0.16516815146415653,24.724470138549805,-0.23927298,0.42833626,0.08318909,0.19131327,0.04509658,57.465218,0.20715334,1.7746187,0.4959998,0.12699986,15.78,-0.123820126,0.012298768,-0.06488411,0.013318216,1,Stable,True,Consumer Staples,0.9444708893052745,cv_locked_relu_4model,0.1
2025-12-05,REGN,715.59130859375,True,2026-06-02,2025-12-08,2026-06-02,-0.2518481128589104,-0.14036502807767548,602.216796875,-0.036321938,0.22740622,0.20809557,0.3781909,0.19081199,60.601562,0.19681515,3.4226053,0.4959998,0.12699986,15.78,-0.123820126,0.012298768,-0.06488411,0.013318216,1,Stable,True,Health Care,0.9411237416533844,cv_locked_relu_4model,0.1
2025-12-05,MLM,622.714111328125,True,2026-06-02,2025-12-08,2026-06-02,-0.1817754693278456,-0.07029238454661069,576.9299926757812,0.066627495,0.6172214,0.040661603,0.15338455,0.01274101,52.443,0.13413285,2.2341397,0.4959998,0.12699986,15.78,-0.123820126,0.012298768,-0.06488411,0.013318216,1,Stable,True,Materials,0.9265533391851761,cv_locked_relu_4model,0.1
2025-12-05,PNC,193.31478881835938,True,2026-06-02,2025-12-08,2026-06-02,0.02389285972915721,0.13537594451039214,219.2519989013672,-0.018307533,0.8463578,0.036715176,0.14999796,0.009800473,48.055893,0.13305286,2.205863,0.4959998,0.12699986,15.78,-0.123820126,0.012298768,-0.06488411,0.013318216,1,Stable,True,Financials,0.925902223842786,cv_locked_relu_4model,0.1
2025-12-05,CVS,73.90261840820312,True,2026-06-02,2025-12-08,2026-06-02,0.07796409526209368,0.1894471800433286,88.9493179321289,0.33239067,0.20299712,0.051429424,0.13838212,-0.00035164738,52.25489,0.1876535,1.4504229,0.4959998,0.12699986,15.78,-0.123820126,0.012298768,-0.06488411,0.013318216,1,Stable,True,Health Care,0.9241852167186418,cv_locked_relu_4model,0.1
