horizon,fold,Date,EntryDate,ExitDate,strategy,top_n,selected,status,return_settled,mdd,missing_weight,path_coverage,assumption_flat,assumption_loss50,assumption_loss100
20,1,2024-07-01,2024-07-02,2024-07-31,lowvol,10,10,settled_path,0.04476630450508347,-0.02052449610644491,0.0,1.0,0.04476630450508347,0.04476630450508347,0.04476630450508347
20,1,2024-07-01,2024-07-02,2024-07-31,stable_lowvol,10,10,settled_path,0.04476630450508347,-0.02052449610644491,0.0,1.0,0.04476630450508347,0.04476630450508347,0.04476630450508347
20,1,2024-07-01,2024-07-02,2024-07-31,all_train,10,10,settled_path,0.0707151509213628,-0.04266264314457735,0.0,1.0,0.0707151509213628,0.0707151509213628,0.0707151509213628
20,1,2024-07-01,2024-07-02,2024-07-31,stable_train,10,10,settled_path,0.046385568207587255,-0.03055602882738695,0.0,1.0,0.046385568207587255,0.046385568207587255,0.046385568207587255
20,2,2024-07-30,2024-07-31,2024-08-28,lowvol,10,10,settled_path,0.049624772326659974,-0.01568700978822979,0.0,1.0,0.049624772326659974,0.049624772326659974,0.049624772326659974
20,2,2024-07-30,2024-07-31,2024-08-28,stable_lowvol,10,10,settled_path,0.049624772326659974,-0.01568700978822979,0.0,1.0,0.049624772326659974,0.049624772326659974,0.049624772326659974
20,2,2024-07-30,2024-07-31,2024-08-28,all_train,10,10,settled_path,0.009476793068068442,-0.044084712232434264,0.0,1.0,0.009476793068068442,0.009476793068068442,0.009476793068068442
20,2,2024-07-30,2024-07-31,2024-08-28,stable_train,10,10,settled_path,0.027878691348020512,-0.04946106616092649,0.0,1.0,0.027878691348020512,0.027878691348020512,0.027878691348020512
20,3,2024-08-27,2024-08-28,2024-09-26,lowvol,10,10,settled_path,0.006065672024073399,-0.01685673050568759,0.0,1.0,0.006065672024073399,0.006065672024073399,0.006065672024073399
20,3,2024-08-27,2024-08-28,2024-09-26,stable_lowvol,10,10,settled_path,0.006065672024073399,-0.01685673050568759,0.0,1.0,0.006065672024073399,0.006065672024073399,0.006065672024073399
20,3,2024-08-27,2024-08-28,2024-09-26,all_train,10,10,settled_path,-0.00391576417112338,-0.04762748701120767,0.0,1.0,-0.00391576417112338,-0.00391576417112338,-0.00391576417112338
20,3,2024-08-27,2024-08-28,2024-09-26,stable_train,10,10,settled_path,0.005071864867282306,-0.02944607968652313,0.0,1.0,0.005071864867282306,0.005071864867282306,0.005071864867282306
20,4,2024-09-25,2024-09-26,2024-10-24,lowvol,10,10,settled_path,-0.0009401432143156154,-0.017948604647325284,0.0,1.0,-0.0009401432143156154,-0.0009401432143156154,-0.0009401432143156154
20,4,2024-09-25,2024-09-26,2024-10-24,stable_lowvol,10,10,settled_path,-0.0009401432143156154,-0.017948604647325284,0.0,1.0,-0.0009401432143156154,-0.0009401432143156154,-0.0009401432143156154
20,4,2024-09-25,2024-09-26,2024-10-24,all_train,10,10,settled_path,0.017150934353985372,-0.06388017651301536,0.0,1.0,0.017150934353985372,0.017150934353985372,0.017150934353985372
20,4,2024-09-25,2024-09-26,2024-10-24,stable_train,10,10,settled_path,-0.01394850947913967,-0.04750693920423654,0.0,1.0,-0.01394850947913967,-0.01394850947913967,-0.01394850947913967
20,5,2024-10-23,2024-10-24,2024-11-21,lowvol,10,10,settled_path,-0.01757232831447301,-0.037806271860654106,0.0,1.0,-0.01757232831447301,-0.01757232831447301,-0.01757232831447301
20,5,2024-10-23,2024-10-24,2024-11-21,stable_lowvol,10,10,settled_path,-0.01757232831447301,-0.037806271860654106,0.0,1.0,-0.01757232831447301,-0.01757232831447301,-0.01757232831447301
20,5,2024-10-23,2024-10-24,2024-11-21,all_train,10,10,settled_path,-0.015169483269503728,-0.04753726248090906,0.0,1.0,-0.015169483269503728,-0.015169483269503728,-0.015169483269503728
20,5,2024-10-23,2024-10-24,2024-11-21,stable_train,10,10,settled_path,-0.031462285911843614,-0.05045358926048138,0.0,1.0,-0.031462285911843614,-0.031462285911843614,-0.031462285911843614
20,6,2024-11-20,2024-11-21,2024-12-20,lowvol,10,10,unresolved_return,,,0.1,0.9904761904761905,-0.023784967099684473,-0.07378496709968448,-0.12378496709968448
20,6,2024-11-20,2024-11-21,2024-12-20,stable_lowvol,10,10,unresolved_return,,,0.1,0.9904761904761905,-0.023784967099684473,-0.07378496709968448,-0.12378496709968448
20,6,2024-11-20,2024-11-21,2024-12-20,all_train,10,10,settled_path,-0.05952004394358259,-0.10042114862279583,0.0,1.0,-0.05952004394358259,-0.05952004394358259,-0.05952004394358259
20,6,2024-11-20,2024-11-21,2024-12-20,stable_train,10,10,settled_path,-0.053336030492901775,-0.08594207226970807,0.0,1.0,-0.053336030492901775,-0.053336030492901775,-0.053336030492901775
20,7,2024-12-19,2024-12-20,2025-01-23,lowvol,10,10,settled_path,0.013939989915221277,-0.023283907462754994,0.0,1.0,0.013939989915221277,0.013939989915221277,0.013939989915221277
20,7,2024-12-19,2024-12-20,2025-01-23,stable_lowvol,10,10,settled_path,0.013939989915221277,-0.023283907462754994,0.0,1.0,0.013939989915221277,0.013939989915221277,0.013939989915221277
20,7,2024-12-19,2024-12-20,2025-01-23,all_train,10,10,settled_path,0.043059757161473214,-0.02995635491120463,0.0,1.0,0.043059757161473214,0.043059757161473214,0.043059757161473214
20,7,2024-12-19,2024-12-20,2025-01-23,stable_train,10,10,settled_path,0.11011776722117375,-0.007970686523967374,0.0,1.0,0.11011776722117375,0.11011776722117375,0.11011776722117375
20,8,2025-01-22,2025-01-23,2025-02-21,lowvol,10,10,settled_path,0.06614664314751088,-0.02331234732190346,0.0,1.0,0.06614664314751088,0.06614664314751088,0.06614664314751088
20,8,2025-01-22,2025-01-23,2025-02-21,stable_lowvol,10,10,settled_path,0.06614664314751088,-0.02331234732190346,0.0,1.0,0.06614664314751088,0.06614664314751088,0.06614664314751088
20,8,2025-01-22,2025-01-23,2025-02-21,all_train,10,10,settled_path,0.006930604606640087,-0.03252148717694159,0.0,1.0,0.006930604606640087,0.006930604606640087,0.006930604606640087
20,8,2025-01-22,2025-01-23,2025-02-21,stable_train,10,10,settled_path,0.005377580264395288,-0.02504665266823891,0.0,1.0,0.005377580264395288,0.005377580264395288,0.005377580264395288
20,9,2025-02-20,2025-02-21,2025-03-21,lowvol,10,10,settled_path,-0.00674570973857951,-0.045932756225099625,0.0,1.0,-0.00674570973857951,-0.00674570973857951,-0.00674570973857951
20,9,2025-02-20,2025-02-21,2025-03-21,stable_lowvol,10,10,settled_path,-0.00674570973857951,-0.045932756225099625,0.0,1.0,-0.00674570973857951,-0.00674570973857951,-0.00674570973857951
20,9,2025-02-20,2025-02-21,2025-03-21,all_train,10,10,settled_path,-0.010617840869733473,-0.03191437453220025,0.0,1.0,-0.010617840869733473,-0.010617840869733473,-0.010617840869733473
20,9,2025-02-20,2025-02-21,2025-03-21,stable_train,10,10,settled_path,4.707667408522381e-05,-0.04371233878632519,0.0,1.0,4.707667408522381e-05,4.707667408522381e-05,4.707667408522381e-05
20,10,2025-03-20,2025-03-21,2025-04-21,lowvol,10,10,settled_path,-0.011126703277463757,-0.06371898492710415,0.0,1.0,-0.011126703277463757,-0.011126703277463757,-0.011126703277463757
20,10,2025-03-20,2025-03-21,2025-04-21,stable_lowvol,10,10,settled_path,-0.011126703277463757,-0.06371898492710415,0.0,1.0,-0.011126703277463757,-0.011126703277463757,-0.011126703277463757
20,10,2025-03-20,2025-03-21,2025-04-21,all_train,10,10,settled_path,-0.058182860145967276,-0.13863922633779757,0.0,1.0,-0.058182860145967276,-0.058182860145967276,-0.058182860145967276
20,10,2025-03-20,2025-03-21,2025-04-21,stable_train,10,10,settled_path,-0.04838049807241039,-0.08807544123209698,0.0,1.0,-0.04838049807241039,-0.04838049807241039,-0.04838049807241039
20,11,2025-04-17,2025-04-21,2025-05-19,lowvol,10,10,settled_path,0.02508805564390778,-0.04148560230062559,0.0,1.0,0.02508805564390778,0.02508805564390778,0.02508805564390778
20,11,2025-04-17,2025-04-21,2025-05-19,stable_lowvol,10,10,settled_path,0.02508805564390778,-0.04148560230062559,0.0,1.0,0.02508805564390778,0.02508805564390778,0.02508805564390778
20,11,2025-04-17,2025-04-21,2025-05-19,all_train,10,10,settled_path,0.04645424379752816,-0.037045957093473025,0.0,1.0,0.04645424379752816,0.04645424379752816,0.04645424379752816
20,11,2025-04-17,2025-04-21,2025-05-19,stable_train,10,10,settled_path,0.016473600801969152,-0.04123583242214812,0.0,1.0,0.016473600801969152,0.016473600801969152,0.016473600801969152
20,12,2025-05-16,2025-05-19,2025-06-17,lowvol,10,10,settled_path,-0.02553634343489123,-0.02752516318244469,0.0,1.0,-0.02553634343489123,-0.02553634343489123,-0.02553634343489123
20,12,2025-05-16,2025-05-19,2025-06-17,stable_lowvol,10,10,settled_path,-0.02553634343489123,-0.02752516318244469,0.0,1.0,-0.02553634343489123,-0.02553634343489123,-0.02553634343489123
20,12,2025-05-16,2025-05-19,2025-06-17,all_train,10,10,settled_path,0.004640873029043828,-0.026987316963793972,0.0,1.0,0.004640873029043828,0.004640873029043828,0.004640873029043828
20,12,2025-05-16,2025-05-19,2025-06-17,stable_train,10,10,settled_path,0.007051386903929304,-0.0354547187574602,0.0,1.0,0.007051386903929304,0.007051386903929304,0.007051386903929304
20,13,2025-06-16,2025-06-17,2025-07-17,lowvol,10,10,unresolved_return,,,0.1,0.9523809523809523,0.0019841661146758564,-0.04801583388532414,-0.09801583388532414
20,13,2025-06-16,2025-06-17,2025-07-17,stable_lowvol,10,10,unresolved_return,,,0.1,0.9523809523809523,0.0019841661146758564,-0.04801583388532414,-0.09801583388532414
20,13,2025-06-16,2025-06-17,2025-07-17,all_train,10,10,settled_path,0.029675446580905474,-0.035150681418639196,0.0,1.0,0.029675446580905474,0.029675446580905474,0.029675446580905474
20,13,2025-06-16,2025-06-17,2025-07-17,stable_train,10,10,settled_path,0.034696920225430763,-0.03226459478089172,0.0,1.0,0.034696920225430763,0.034696920225430763,0.034696920225430763
20,14,2025-07-16,2025-07-17,2025-08-14,lowvol,10,10,settled_path,0.04092880196259041,-0.02451747602801435,0.0,1.0,0.04092880196259041,0.04092880196259041,0.04092880196259041
20,14,2025-07-16,2025-07-17,2025-08-14,stable_lowvol,10,10,settled_path,0.04092880196259041,-0.02451747602801435,0.0,1.0,0.04092880196259041,0.04092880196259041,0.04092880196259041
20,14,2025-07-16,2025-07-17,2025-08-14,all_train,10,10,settled_path,0.013008523563325398,-0.047229124085436336,0.0,1.0,0.013008523563325398,0.013008523563325398,0.013008523563325398
20,14,2025-07-16,2025-07-17,2025-08-14,stable_train,10,10,settled_path,0.0375291614912777,-0.024921462576723008,0.0,1.0,0.0375291614912777,0.0375291614912777,0.0375291614912777
20,15,2025-08-13,2025-08-14,2025-09-12,lowvol,10,10,settled_path,-0.011449331804366192,-0.030156334671165408,0.0,1.0,-0.011449331804366192,-0.011449331804366192,-0.011449331804366192
20,15,2025-08-13,2025-08-14,2025-09-12,stable_lowvol,10,10,settled_path,-0.011449331804366192,-0.030156334671165408,0.0,1.0,-0.011449331804366192,-0.011449331804366192,-0.011449331804366192
20,15,2025-08-13,2025-08-14,2025-09-12,all_train,10,10,settled_path,0.0267336776668457,-0.011205134516295123,0.0,1.0,0.0267336776668457,0.0267336776668457,0.0267336776668457
20,15,2025-08-13,2025-08-14,2025-09-12,stable_train,10,10,settled_path,0.017983268189373014,-0.020757982815597154,0.0,1.0,0.017983268189373014,0.017983268189373014,0.017983268189373014
20,16,2025-09-11,2025-09-12,2025-10-10,lowvol,10,10,settled_path,0.04330983188781634,-0.014503565040272504,0.0,1.0,0.04330983188781634,0.04330983188781634,0.04330983188781634
20,16,2025-09-11,2025-09-12,2025-10-10,stable_lowvol,10,10,settled_path,0.04330983188781634,-0.014503565040272504,0.0,1.0,0.04330983188781634,0.04330983188781634,0.04330983188781634
20,16,2025-09-11,2025-09-12,2025-10-10,all_train,10,10,settled_path,-0.01921488215104452,-0.05764996496842889,0.0,1.0,-0.01921488215104452,-0.01921488215104452,-0.01921488215104452
20,16,2025-09-11,2025-09-12,2025-10-10,stable_train,10,10,settled_path,0.01785766068737622,-0.017396688396884463,0.0,1.0,0.01785766068737622,0.01785766068737622,0.01785766068737622
20,17,2025-10-09,2025-10-10,2025-11-07,lowvol,10,10,settled_path,-0.010027411393201655,-0.03689706358861944,0.0,1.0,-0.010027411393201655,-0.010027411393201655,-0.010027411393201655
20,17,2025-10-09,2025-10-10,2025-11-07,stable_lowvol,10,10,settled_path,-0.010027411393201655,-0.03689706358861944,0.0,1.0,-0.010027411393201655,-0.010027411393201655,-0.010027411393201655
20,17,2025-10-09,2025-10-10,2025-11-07,all_train,10,10,settled_path,0.01646818260226457,-0.04255029603056759,0.0,1.0,0.01646818260226457,0.01646818260226457,0.01646818260226457
20,17,2025-10-09,2025-10-10,2025-11-07,stable_train,10,10,settled_path,-0.025444107670700444,-0.05238773621935788,0.0,1.0,-0.025444107670700444,-0.025444107670700444,-0.025444107670700444
20,18,2025-11-06,2025-11-07,2025-12-08,lowvol,10,10,settled_path,-0.030730166245679313,-0.0522676758351337,0.0,1.0,-0.030730166245679313,-0.030730166245679313,-0.030730166245679313
20,18,2025-11-06,2025-11-07,2025-12-08,stable_lowvol,10,10,settled_path,-0.030730166245679313,-0.0522676758351337,0.0,1.0,-0.030730166245679313,-0.030730166245679313,-0.030730166245679313
20,18,2025-11-06,2025-11-07,2025-12-08,all_train,10,10,settled_path,-0.002667645370418915,-0.023077089802816864,0.0,1.0,-0.002667645370418915,-0.002667645370418915,-0.002667645370418915
20,18,2025-11-06,2025-11-07,2025-12-08,stable_train,10,10,settled_path,0.0011763944952598137,-0.02446886762466627,0.0,1.0,0.0011763944952598137,0.0011763944952598137,0.0011763944952598137
20,19,2025-12-05,2025-12-08,2026-01-07,lowvol,10,10,unresolved_return,,,0.1,0.919047619047619,0.01610496632563955,-0.033895033674360454,-0.08389503367436045
20,19,2025-12-05,2025-12-08,2026-01-07,stable_lowvol,10,10,unresolved_return,,,0.1,0.919047619047619,0.01610496632563955,-0.033895033674360454,-0.08389503367436045
20,19,2025-12-05,2025-12-08,2026-01-07,all_train,10,10,settled_path,0.01677332487139349,-0.019291371298570503,0.0,1.0,0.01677332487139349,0.01677332487139349,0.01677332487139349
20,19,2025-12-05,2025-12-08,2026-01-07,stable_train,10,10,settled_path,0.0406286054710555,-0.0105185384920784,0.0,1.0,0.0406286054710555,0.0406286054710555,0.0406286054710555
20,20,2026-01-06,2026-01-07,2026-02-05,lowvol,10,10,settled_path,0.0537459895051593,-0.013365914607335161,0.0,1.0,0.0537459895051593,0.0537459895051593,0.0537459895051593
20,20,2026-01-06,2026-01-07,2026-02-05,stable_lowvol,10,10,settled_path,0.0537459895051593,-0.013365914607335161,0.0,1.0,0.0537459895051593,0.0537459895051593,0.0537459895051593
20,20,2026-01-06,2026-01-07,2026-02-05,all_train,10,10,settled_path,0.05447602460891956,-0.021319983605554982,0.0,1.0,0.05447602460891956,0.05447602460891956,0.05447602460891956
20,20,2026-01-06,2026-01-07,2026-02-05,stable_train,10,10,settled_path,0.02145971342047307,-0.021645203242454225,0.0,1.0,0.02145971342047307,0.02145971342047307,0.02145971342047307
20,21,2026-02-04,2026-02-05,2026-03-06,lowvol,10,10,settled_path,0.058846877092952575,-0.018948567814087713,0.0,1.0,0.058846877092952575,0.058846877092952575,0.058846877092952575
20,21,2026-02-04,2026-02-05,2026-03-06,stable_lowvol,10,10,settled_path,0.058846877092952575,-0.018948567814087713,0.0,1.0,0.058846877092952575,0.058846877092952575,0.058846877092952575
20,21,2026-02-04,2026-02-05,2026-03-06,all_train,10,10,settled_path,0.0004497909731215957,-0.018390180205467344,0.0,1.0,0.0004497909731215957,0.0004497909731215957,0.0004497909731215957
20,21,2026-02-04,2026-02-05,2026-03-06,stable_train,10,10,settled_path,0.04049243424760862,-0.03097463316161586,0.0,1.0,0.04049243424760862,0.04049243424760862,0.04049243424760862
20,22,2026-03-05,2026-03-06,2026-04-06,lowvol,10,10,settled_path,0.0026330725449345005,-0.050154036371448885,0.0,1.0,0.0026330725449345005,0.0026330725449345005,0.0026330725449345005
20,22,2026-03-05,2026-03-06,2026-04-06,stable_lowvol,10,10,settled_path,0.0026330725449345005,-0.050154036371448885,0.0,1.0,0.0026330725449345005,0.0026330725449345005,0.0026330725449345005
20,22,2026-03-05,2026-03-06,2026-04-06,all_train,10,10,settled_path,-0.05182494327676449,-0.07087988514898547,0.0,1.0,-0.05182494327676449,-0.05182494327676449,-0.05182494327676449
20,22,2026-03-05,2026-03-06,2026-04-06,stable_train,10,10,settled_path,-0.023108091663515674,-0.04725278656057641,0.0,1.0,-0.023108091663515674,-0.023108091663515674,-0.023108091663515674
20,23,2026-04-02,2026-04-06,2026-05-04,lowvol,10,10,unresolved_return,,,0.1,0.9095238095238095,-0.013084554826316675,-0.06308455482631667,-0.11308455482631667
20,23,2026-04-02,2026-04-06,2026-05-04,stable_lowvol,10,10,unresolved_return,,,0.1,0.9095238095238095,-0.013084554826316675,-0.06308455482631667,-0.11308455482631667
20,23,2026-04-02,2026-04-06,2026-05-04,all_train,10,10,settled_path,-0.04440633758808621,-0.06202330083682195,0.0,1.0,-0.04440633758808621,-0.04440633758808621,-0.04440633758808621
20,23,2026-04-02,2026-04-06,2026-05-04,stable_train,10,10,settled_path,-0.037789969923500866,-0.06323035048257908,0.0,1.0,-0.037789969923500866,-0.037789969923500866,-0.037789969923500866
20,24,2026-05-01,2026-05-04,2026-06-02,lowvol,10,10,settled_path,-0.032067027336545484,-0.038784722761184276,0.0,1.0,-0.032067027336545484,-0.032067027336545484,-0.032067027336545484
20,24,2026-05-01,2026-05-04,2026-06-02,stable_lowvol,10,10,settled_path,-0.032067027336545484,-0.038784722761184276,0.0,1.0,-0.032067027336545484,-0.032067027336545484,-0.032067027336545484
20,24,2026-05-01,2026-05-04,2026-06-02,all_train,10,10,unresolved_return,,,0.1,0.9142857142857143,0.0006538433383010522,-0.04934615666169895,-0.09934615666169895
20,24,2026-05-01,2026-05-04,2026-06-02,stable_train,10,10,settled_path,-0.03659338961089259,-0.0387190359623476,0.0,1.0,-0.03659338961089259,-0.03659338961089259,-0.03659338961089259
60,1,2024-07-01,2024-07-02,2024-09-26,lowvol,10,10,settled_path,0.09922963342943811,-0.02099068585582986,0.0,1.0,0.09922963342943811,0.09922963342943811,0.09922963342943811
60,1,2024-07-01,2024-07-02,2024-09-26,stable_lowvol,10,10,settled_path,0.09922963342943811,-0.02099068585582986,0.0,1.0,0.09922963342943811,0.09922963342943811,0.09922963342943811
60,1,2024-07-01,2024-07-02,2024-09-26,all_train,10,10,settled_path,0.09114582914998923,-0.0646593844088087,0.0,1.0,0.09114582914998923,0.09114582914998923,0.09114582914998923
60,1,2024-07-01,2024-07-02,2024-09-26,stable_train,10,10,settled_path,0.08579995926927132,-0.06702911542740364,0.0,1.0,0.08579995926927132,0.08579995926927132,0.08579995926927132
60,2,2024-09-25,2024-09-26,2024-12-20,lowvol,10,10,unresolved_return,,,0.1,0.9967213114754099,-0.06184872367862102,-0.11184872367862102,-0.16184872367862102
60,2,2024-09-25,2024-09-26,2024-12-20,stable_lowvol,10,10,unresolved_return,,,0.1,0.9967213114754099,-0.06184872367862102,-0.11184872367862102,-0.16184872367862102
60,2,2024-09-25,2024-09-26,2024-12-20,all_train,10,10,settled_path,-0.08450160511544083,-0.10866586202100426,0.0,1.0,-0.08450160511544083,-0.08450160511544083,-0.08450160511544083
60,2,2024-09-25,2024-09-26,2024-12-20,stable_train,10,10,settled_path,-0.03555891385706146,-0.10078097288400367,0.0,1.0,-0.03555891385706146,-0.03555891385706146,-0.03555891385706146
60,3,2024-12-19,2024-12-20,2025-03-21,lowvol,10,10,settled_path,0.07027353108882568,-0.03877131847361903,0.0,1.0,0.07027353108882568,0.07027353108882568,0.07027353108882568
60,3,2024-12-19,2024-12-20,2025-03-21,stable_lowvol,10,10,settled_path,0.07027353108882568,-0.03877131847361903,0.0,1.0,0.07027353108882568,0.07027353108882568,0.07027353108882568
60,3,2024-12-19,2024-12-20,2025-03-21,all_train,10,10,settled_path,0.07313098558573851,-0.09599123869027448,0.0,1.0,0.07313098558573851,0.07313098558573851,0.07313098558573851
60,3,2024-12-19,2024-12-20,2025-03-21,stable_train,10,10,settled_path,0.049796299815183166,-0.055339266890080285,0.0,1.0,0.049796299815183166,0.049796299815183166,0.049796299815183166
60,4,2025-03-20,2025-03-21,2025-06-17,lowvol,10,10,settled_path,0.008504820478182195,-0.06371898492710415,0.0,1.0,0.008504820478182195,0.008504820478182195,0.008504820478182195
60,4,2025-03-20,2025-03-21,2025-06-17,stable_lowvol,10,10,settled_path,0.008504820478182195,-0.06371898492710415,0.0,1.0,0.008504820478182195,0.008504820478182195,0.008504820478182195
60,4,2025-03-20,2025-03-21,2025-06-17,all_train,10,10,settled_path,0.015968261659231885,-0.12734026072829419,0.0,1.0,0.015968261659231885,0.015968261659231885,0.015968261659231885
60,4,2025-03-20,2025-03-21,2025-06-17,stable_train,10,10,settled_path,0.008330348706897176,-0.11700942983431983,0.0,1.0,0.008330348706897176,0.008330348706897176,0.008330348706897176
60,5,2025-06-16,2025-06-17,2025-09-12,lowvol,10,10,unresolved_return,,,0.1,0.9180327868852459,0.026224157095782092,-0.023775842904217907,-0.0737758429042179
60,5,2025-06-16,2025-06-17,2025-09-12,stable_lowvol,10,10,unresolved_return,,,0.1,0.9180327868852459,0.026224157095782092,-0.023775842904217907,-0.0737758429042179
60,5,2025-06-16,2025-06-17,2025-09-12,all_train,10,10,settled_path,-0.06567533871208073,-0.14047971498132394,0.0,1.0,-0.06567533871208073,-0.06567533871208073,-0.06567533871208073
60,5,2025-06-16,2025-06-17,2025-09-12,stable_train,10,10,settled_path,0.023741782261352817,-0.0482819433488163,0.0,1.0,0.023741782261352817,0.023741782261352817,0.023741782261352817
60,6,2025-09-11,2025-09-12,2025-12-08,lowvol,10,10,settled_path,-0.0006276026126514338,-0.05478602500866103,0.0,1.0,-0.0006276026126514338,-0.0006276026126514338,-0.0006276026126514338
60,6,2025-09-11,2025-09-12,2025-12-08,stable_lowvol,10,10,settled_path,-0.0006276026126514338,-0.05478602500866103,0.0,1.0,-0.0006276026126514338,-0.0006276026126514338,-0.0006276026126514338
60,6,2025-09-11,2025-09-12,2025-12-08,all_train,10,10,settled_path,-0.038474632373647476,-0.10560607703947955,0.0,1.0,-0.038474632373647476,-0.038474632373647476,-0.038474632373647476
60,6,2025-09-11,2025-09-12,2025-12-08,stable_train,10,10,settled_path,-0.040746892706390245,-0.08883438668312049,0.0,1.0,-0.040746892706390245,-0.040746892706390245,-0.040746892706390245
60,7,2025-12-05,2025-12-08,2026-03-06,lowvol,10,10,unresolved_return,,,0.1,0.9065573770491804,0.11673388337777879,0.06673388337777879,0.016733883377778792
60,7,2025-12-05,2025-12-08,2026-03-06,stable_lowvol,10,10,unresolved_return,,,0.1,0.9065573770491804,0.11673388337777879,0.06673388337777879,0.016733883377778792
60,7,2025-12-05,2025-12-08,2026-03-06,all_train,10,10,settled_path,0.1619305388663438,-0.021525478952068577,0.0,1.0,0.1619305388663438,0.1619305388663438,0.1619305388663438
60,7,2025-12-05,2025-12-08,2026-03-06,stable_train,10,10,settled_path,0.10152961587674654,-0.022377956083123318,0.0,1.0,0.10152961587674654,0.10152961587674654,0.10152961587674654
60,8,2026-03-05,2026-03-06,2026-06-02,lowvol,10,10,settled_path,-0.0491163746193516,-0.08289239243295277,0.0,1.0,-0.0491163746193516,-0.0491163746193516,-0.0491163746193516
60,8,2026-03-05,2026-03-06,2026-06-02,stable_lowvol,10,10,settled_path,-0.0491163746193516,-0.08289239243295277,0.0,1.0,-0.0491163746193516,-0.0491163746193516,-0.0491163746193516
60,8,2026-03-05,2026-03-06,2026-06-02,all_train,10,10,settled_path,-0.14781051521277405,-0.14781051521277389,0.0,1.0,-0.14781051521277405,-0.14781051521277405,-0.14781051521277405
60,8,2026-03-05,2026-03-06,2026-06-02,stable_train,10,10,settled_path,-0.0813531140509083,-0.10789331428995796,0.0,1.0,-0.0813531140509083,-0.0813531140509083,-0.0813531140509083
120,1,2024-07-01,2024-07-02,2024-12-20,lowvol,10,10,settled_path,0.08818129120086614,-0.06066202527668485,0.0,1.0,0.08818129120086614,0.08818129120086614,0.08818129120086614
120,1,2024-07-01,2024-07-02,2024-12-20,stable_lowvol,10,10,settled_path,0.08818129120086614,-0.06066202527668485,0.0,1.0,0.08818129120086614,0.08818129120086614,0.08818129120086614
120,1,2024-07-01,2024-07-02,2024-12-20,all_train,10,10,settled_path,0.05993772627255818,-0.07622533637907447,0.0,1.0,0.05993772627255818,0.05993772627255818,0.05993772627255818
120,1,2024-07-01,2024-07-02,2024-12-20,stable_train,10,10,settled_path,0.013774288080030034,-0.10126433091654108,0.0,1.0,0.013774288080030034,0.013774288080030034,0.013774288080030034
120,2,2024-12-19,2024-12-20,2025-06-17,lowvol,10,10,settled_path,0.07637516752953966,-0.0699988158336542,0.0,1.0,0.07637516752953966,0.07637516752953966,0.07637516752953966
120,2,2024-12-19,2024-12-20,2025-06-17,stable_lowvol,10,10,settled_path,0.07637516752953966,-0.0699988158336542,0.0,1.0,0.07637516752953966,0.07637516752953966,0.07637516752953966
120,2,2024-12-19,2024-12-20,2025-06-17,all_train,10,10,settled_path,0.077026921592831,-0.10837715204309994,0.0,1.0,0.077026921592831,0.077026921592831,0.077026921592831
120,2,2024-12-19,2024-12-20,2025-06-17,stable_train,10,10,settled_path,0.05327873878163586,-0.15275040294728037,0.0,1.0,0.05327873878163586,0.05327873878163586,0.05327873878163586
120,3,2025-06-16,2025-06-17,2025-12-08,lowvol,10,10,unresolved_return,,,0.1,0.9090909090909091,0.01704384734535681,-0.03295615265464319,-0.08295615265464319
120,3,2025-06-16,2025-06-17,2025-12-08,stable_lowvol,10,10,unresolved_return,,,0.1,0.9090909090909091,0.01704384734535681,-0.03295615265464319,-0.08295615265464319
120,3,2025-06-16,2025-06-17,2025-12-08,all_train,10,10,settled_path,0.10331886769200141,-0.047933845186222346,0.0,1.0,0.10331886769200141,0.10331886769200141,0.10331886769200141
120,3,2025-06-16,2025-06-17,2025-12-08,stable_train,10,10,unresolved_return,,,0.1,0.9421487603305785,-0.053099931189573325,-0.10309993118957332,-0.15309993118957332
120,4,2025-12-05,2025-12-08,2026-06-02,lowvol,10,10,unresolved_return,,,0.1,0.903305785123967,0.07273773206016886,0.02273773206016886,-0.027262267939831143
120,4,2025-12-05,2025-12-08,2026-06-02,stable_lowvol,10,10,unresolved_return,,,0.1,0.903305785123967,0.07273773206016886,0.02273773206016886,-0.027262267939831143
120,4,2025-12-05,2025-12-08,2026-06-02,all_train,10,10,settled_path,-0.016059493956158338,-0.09079404244780098,0.0,1.0,-0.016059493956158338,-0.016059493956158338,-0.016059493956158338
120,4,2025-12-05,2025-12-08,2026-06-02,stable_train,10,10,settled_path,0.021789534373816997,-0.08574507294834333,0.0,1.0,0.021789534373816997,0.021789534373816997,0.021789534373816997
