Date,EntryDate,ExitDate,strategy,top_n,selected,status,return_settled,mdd,missing_weight,path_coverage,assumption_flat,assumption_loss50,assumption_loss100
2024-07-01,2024-07-02,2024-12-20,base_excess_lgbm,10,10,settled_path,0.04335674132100495,-0.09929864145268918,0.0,1.0,0.04335674132100495,0.04335674132100495,0.04335674132100495
2024-07-01,2024-07-02,2024-12-20,absolute_target,10,10,settled_path,0.08843587549226126,-0.06172558518426663,0.0,1.0,0.08843587549226126,0.08843587549226126,0.08843587549226126
2024-07-01,2024-07-02,2024-12-20,future_price_target,10,10,settled_path,0.18988233619577727,-0.10537184586408421,0.0,1.0,0.18988233619577727,0.18988233619577727,0.18988233619577727
2024-07-01,2024-07-02,2024-12-20,difference_features,10,10,settled_path,0.10687063467254869,-0.08365055076699524,0.0,1.0,0.10687063467254869,0.10687063467254869,0.10687063467254869
2024-07-01,2024-07-02,2024-12-20,volume_features,10,10,settled_path,0.07562471202692803,-0.10165354743196653,0.0,1.0,0.07562471202692803,0.07562471202692803,0.07562471202692803
2024-07-01,2024-07-02,2024-12-20,rolling_3y,10,10,settled_path,0.1372701827027485,-0.09190773989313383,0.0,1.0,0.1372701827027485,0.1372701827027485,0.1372701827027485
2024-07-01,2024-07-02,2024-12-20,ranker,10,10,settled_path,0.059517480678179635,-0.09024464815190436,0.0,1.0,0.059517480678179635,0.059517480678179635,0.059517480678179635
2024-07-01,2024-07-02,2024-12-20,elasticnet,10,10,settled_path,0.08590948301386528,-0.07388816364871731,0.0,1.0,0.08590948301386528,0.08590948301386528,0.08590948301386528
2024-07-01,2024-07-02,2024-12-20,mlp,10,10,unresolved_return,,,0.1,0.9983471074380166,0.0002508540330752304,-0.04974914596692477,-0.09974914596692477
2024-07-01,2024-07-02,2024-12-20,cv_direction,10,10,settled_path,0.04335674132100495,-0.09929864145268918,0.0,1.0,0.04335674132100495,0.04335674132100495,0.04335674132100495
2024-12-19,2024-12-20,2025-06-17,base_excess_lgbm,10,10,settled_path,0.053278738781635845,-0.15275040294728037,0.0,1.0,0.053278738781635845,0.053278738781635845,0.053278738781635845
2024-12-19,2024-12-20,2025-06-17,absolute_target,10,10,settled_path,0.0481786183987505,-0.10973454527971482,0.0,1.0,0.0481786183987505,0.0481786183987505,0.0481786183987505
2024-12-19,2024-12-20,2025-06-17,future_price_target,10,10,settled_path,0.021181946921770407,-0.15174658563581322,0.0,1.0,0.021181946921770407,0.021181946921770407,0.021181946921770407
2024-12-19,2024-12-20,2025-06-17,difference_features,10,10,settled_path,0.05807670174972055,-0.11613076492961372,0.0,1.0,0.05807670174972055,0.05807670174972055,0.05807670174972055
2024-12-19,2024-12-20,2025-06-17,volume_features,10,10,settled_path,0.1310276932709924,-0.12028229349249442,0.0,1.0,0.1310276932709924,0.1310276932709924,0.1310276932709924
2024-12-19,2024-12-20,2025-06-17,rolling_3y,10,10,settled_path,0.018131530749800305,-0.14905825116914884,0.0,1.0,0.018131530749800305,0.018131530749800305,0.018131530749800305
2024-12-19,2024-12-20,2025-06-17,ranker,10,10,settled_path,-0.013990567545911445,-0.165181821060276,0.0,1.0,-0.013990567545911445,-0.013990567545911445,-0.013990567545911445
2024-12-19,2024-12-20,2025-06-17,elasticnet,10,10,settled_path,0.01381008174536725,-0.14356534906533225,0.0,1.0,0.01381008174536725,0.01381008174536725,0.01381008174536725
2024-12-19,2024-12-20,2025-06-17,mlp,10,10,settled_path,0.07562737557454598,-0.09952338988015763,0.0,1.0,0.07562737557454598,0.07562737557454598,0.07562737557454598
2024-12-19,2024-12-20,2025-06-17,cv_direction,10,10,settled_path,0.053278738781635845,-0.15275040294728037,0.0,1.0,0.053278738781635845,0.053278738781635845,0.053278738781635845
2025-06-16,2025-06-17,2025-12-08,base_excess_lgbm,10,10,settled_path,-0.0671847238287124,-0.126784084649338,0.0,1.0,-0.0671847238287124,-0.0671847238287124,-0.0671847238287124
2025-06-16,2025-06-17,2025-12-08,absolute_target,10,10,settled_path,-0.0918833658774664,-0.15360321024399048,0.0,1.0,-0.0918833658774664,-0.0918833658774664,-0.0918833658774664
2025-06-16,2025-06-17,2025-12-08,future_price_target,10,10,settled_path,0.036907475033135184,-0.04896759573976284,0.0,1.0,0.036907475033135184,0.036907475033135184,0.036907475033135184
2025-06-16,2025-06-17,2025-12-08,difference_features,10,10,settled_path,0.02113250316118894,-0.048901907201527095,0.0,1.0,0.02113250316118894,0.02113250316118894,0.02113250316118894
2025-06-16,2025-06-17,2025-12-08,volume_features,10,10,settled_path,0.010700845415192653,-0.07933360443100446,0.0,1.0,0.010700845415192653,0.010700845415192653,0.010700845415192653
2025-06-16,2025-06-17,2025-12-08,rolling_3y,10,10,settled_path,0.09028013450977135,-0.05871653993118031,0.0,1.0,0.09028013450977135,0.09028013450977135,0.09028013450977135
2025-06-16,2025-06-17,2025-12-08,ranker,10,10,settled_path,0.01956374043306041,-0.05608361491631564,0.0,1.0,0.01956374043306041,0.01956374043306041,0.01956374043306041
2025-06-16,2025-06-17,2025-12-08,elasticnet,10,10,settled_path,0.07277544083398588,-0.0574341287212784,0.0,1.0,0.07277544083398588,0.07277544083398588,0.07277544083398588
2025-06-16,2025-06-17,2025-12-08,mlp,10,10,settled_path,-0.05771862159339479,-0.07649212478695444,0.0,1.0,-0.05771862159339479,-0.05771862159339479,-0.05771862159339479
2025-06-16,2025-06-17,2025-12-08,cv_direction,10,10,settled_path,-0.0671847238287124,-0.126784084649338,0.0,1.0,-0.0671847238287124,-0.0671847238287124,-0.0671847238287124
2025-12-05,2025-12-08,2026-06-02,base_excess_lgbm,10,10,settled_path,0.023251220560205562,-0.10916485502069695,0.0,1.0,0.023251220560205562,0.023251220560205562,0.023251220560205562
2025-12-05,2025-12-08,2026-06-02,absolute_target,10,10,settled_path,0.022307446116380136,-0.10864599452285495,0.0,1.0,0.022307446116380136,0.022307446116380136,0.022307446116380136
2025-12-05,2025-12-08,2026-06-02,future_price_target,10,10,settled_path,-0.08281705286295066,-0.17405151025387433,0.0,1.0,-0.08281705286295066,-0.08281705286295066,-0.08281705286295066
2025-12-05,2025-12-08,2026-06-02,difference_features,10,10,settled_path,0.040008687066727944,-0.047499665830585736,0.0,1.0,0.040008687066727944,0.040008687066727944,0.040008687066727944
2025-12-05,2025-12-08,2026-06-02,volume_features,10,10,settled_path,0.04247854948039036,-0.07203359629878836,0.0,1.0,0.04247854948039036,0.04247854948039036,0.04247854948039036
2025-12-05,2025-12-08,2026-06-02,rolling_3y,10,10,settled_path,-0.05111914545239191,-0.14286195040475114,0.0,1.0,-0.05111914545239191,-0.05111914545239191,-0.05111914545239191
2025-12-05,2025-12-08,2026-06-02,ranker,10,10,settled_path,0.01702569351650618,-0.06801097219568208,0.0,1.0,0.01702569351650618,0.01702569351650618,0.01702569351650618
2025-12-05,2025-12-08,2026-06-02,elasticnet,10,10,settled_path,-0.05058601359642736,-0.13275991149229371,0.0,1.0,-0.05058601359642736,-0.05058601359642736,-0.05058601359642736
2025-12-05,2025-12-08,2026-06-02,mlp,10,10,settled_path,-0.004536535709186251,-0.1112744188903948,0.0,1.0,-0.004536535709186251,-0.004536535709186251,-0.004536535709186251
2025-12-05,2025-12-08,2026-06-02,cv_direction,10,10,settled_path,0.023251220560205562,-0.10916485502069695,0.0,1.0,0.023251220560205562,0.023251220560205562,0.023251220560205562
